,motif_ID,motif_alt_ID,ensembl.id,subfamily,family,alpha_1,alpha_2,beta_1,beta_2,delta_1,delta_2,endothelial_1,endothelial_2,exocrine,gamma,glial,immune,stellate
1,MA0148.3,FOXA1,ENSG00000129514,3.3.1.1_FOXA,3.3.1_FOX,1.76583565261934,1.15008461571435,1.33565507799887,1.54901832252686,1.05909644290688,NA,NA,NA,NA,1.1950404765866,NA,NA,NA
2,MA0047.2,Foxa2,ENSMUSG00000037025,3.3.1.1_FOXA,3.3.1_FOX,1.72047747137764,1.29228704694673,1.31836588310007,1.62353953283185,1.05741540958788,NA,NA,NA,NA,1.1238062016144,NA,NA,NA
3,MA0846.1,FOXC2,ENSG00000176692,3.3.1.3_FOXC,3.3.1_FOX,1.36444152217001,1.08996337688772,0.965425806578272,1.54477641606672,0.821645238718646,0.960528559210592,NA,1.00157757811334,0.931671263960533,1.00773960110347,NA,NA,NA
4,MA0032.2,FOXC1,ENSG00000054598,3.3.1.3_FOXC,3.3.1_FOX,1.42448250442808,1.0073455355337,0.922773637215174,1.60294824619452,0.801491624139386,0.863006893747301,NA,NA,0.61037491989417,1.01233080191072,NA,NA,NA
5,MA0847.1,FOXD2,ENSG00000186564,3.3.1.4_FOXD,3.3.1_FOX,1.12627281835163,1.09104421265727,0.773215022983145,1.2640956012041,0.671659475880167,0.843116699213689,1.42737739347109,NA,0.56412899730399,0.87021614895963,NA,NA,NA
6,MA0845.1,FOXB1,ENSG00000171956,3.3.1.2_FOXB,3.3.1_FOX,1.55495915607705,1.16339087126523,0.898826320609562,1.60697612407358,0.756527860544724,1.17074681578575,NA,NA,0.705724913914302,1.01246396556606,NA,NA,NA
7,MA0850.1,FOXP3,ENSG00000049768,3.3.1.16_FOXP,3.3.1_FOX,1.07183648929275,1.03729854142298,0.740927230635155,1.10514815043755,0.666866167821225,0.961900210065107,1.37569935132834,NA,0.802834725020222,0.820694943759709,NA,NA,NA
8,MA0033.2,FOXL1,ENSG00000176678,3.3.1.12_FOXL,3.3.1_FOX,1.2859955542771,0.859611844320661,0.882990285592326,1.4066702951286,0.694449640767768,1.33262798354457,1.26213017826368,NA,1.21017973723491,0.851763736477869,NA,NA,NA
9,MA0528.1,ZNF263,ENSG00000006194,2.3.3.0_unclassified,2.3.3_More than 3 adjacent zinc fingers,1.20885794876499,1.18522695994615,1.44216839507207,0.923441771872366,0.965892145679736,NA,1.03354097417199,1.17559634272738,0.875942007315017,0.993178734143986,1.00516170511578,0.988045729944752,1.28164827809391
10,MA0035.3,Gata1,ENSMUSG00000031162,2.2.1.1_GATA double,2.2.1_C4-GATA-related,1.54846643275276,NA,NA,NA,NA,NA,NA,NA,0.882741777309293,0.902932582039835,NA,NA,NA
11,MA1103.1,FOXK2,ENSG00000141568,3.3.1.11_FOXK,3.3.1_FOX,1.37293777842914,1.001932612534,0.942316557047193,1.48017616504925,0.675919389437748,0.696093312750678,1.14183269441296,NA,NA,0.900598849740795,NA,NA,NA
12,MA0481.2,FOXP1,ENSG00000114861,3.3.1.16_FOXP,3.3.1_FOX,1.39554132365305,0.89268530511521,1.03599599941105,1.34970276098897,0.88323157013882,NA,0.946925257410771,NA,NA,1.03026240060445,NA,NA,NA
13,MA0848.1,FOXO4,ENSG00000184481,3.3.1.15_FOXO,3.3.1_FOX,1.20014699364502,0.900329438408139,0.822792642276314,1.27258677597995,0.575639721650093,NA,1.10196241094545,NA,NA,0.763540466528002,NA,NA,NA
14,MA0593.1,FOXP2,ENSG00000128573,3.3.1.16_FOXP,3.3.1_FOX,1.50540941980558,1.04533503214857,1.23339142028571,1.68707671837385,0.824428435416546,NA,0.843465215466885,NA,0.816766305379326,0.962458037639021,NA,NA,NA
15,MA0851.1,Foxj3,ENSMUSG00000032998,3.3.1.10_FOXJ,3.3.1_FOX,1.48778417253279,1.11402531413381,1.08921915108525,1.64799196434393,0.861897723371212,0.918963427909094,0.895538620492869,NA,0.675791478921172,0.962430849552277,NA,NA,NA
16,MA0482.1,Gata4,ENSMUSG00000021944,2.2.1.1_GATA double,2.2.1_C4-GATA-related,1.50057517820511,NA,NA,NA,NA,NA,NA,NA,0.975277570588769,0.8415991353568,NA,NA,NA
17,MA0041.1,Foxd3,ENSMUSG00000067261,3.3.1.4_FOXD,3.3.1_FOX,1.19053769486404,1.02904031322019,0.902043523477138,1.42006033880404,0.734636788106233,0.937155783573094,0.66576971947454,0.945364743423155,0.704504682953965,0.832605599173009,NA,0.695296414865133,NA
18,MA0613.1,FOXG1,ENSG00000176165,3.3.1.7_FOXG,3.3.1_FOX,1.64830797434581,1.22330006215965,1.30595124233759,1.78179537562699,0.770023882745502,0.890675009561659,1.47293588298705,NA,NA,0.753760836709185,NA,NA,NA
19,MA0036.3,GATA2,ENSMUSG00000015053,2.2.1.1_GATA double,2.2.1_C4-GATA-related,1.23456913058857,NA,NA,NA,NA,NA,NA,NA,0.725100371810026,0.591695187372581,NA,NA,NA
20,MA0037.3,GATA3,ENSG00000107485,2.2.1.1_GATA double,2.2.1_C4-GATA-related,1.17939501584097,NA,NA,NA,NA,NA,NA,NA,1.21813268251506,0.531109642497268,NA,NA,NA
21,MA1104.1,GATA6,ENSG00000141448,2.2.1.1_GATA double,2.2.1_C4-GATA-related,1.25548595151263,NA,NA,NA,NA,NA,NA,NA,0.75227864966071,0.650377909170116,NA,NA,NA
22,MA0499.1,Myod1,ENSMUSG00000009471,1.2.2.1_Myogenic TFs,1.2.2_MyoD-ASC-related,1.09310940439148,0.617056130431009,1.34884075657739,0.684195118911038,0.800342369259628,NA,NA,NA,NA,NA,NA,NA,NA
23,MA0849.1,FOXO6,ENSG00000204060,3.3.1.15_FOXO,3.3.1_FOX,1.23298911832808,0.886299500835272,0.937640927432477,1.29218075149331,0.579459525043769,NA,0.885145215195265,NA,NA,0.81922027682264,NA,NA,NA
24,MA0500.1,Myog,ENSMUSG00000026459,1.2.2.1_Myogenic TFs,1.2.2_MyoD-ASC-related,1.06761954952409,0.548468486687472,1.34784325227729,0.674183819103702,0.758563228663935,NA,NA,NA,NA,NA,NA,NA,0.864157610619986
25,MA0521.1,Tcf12,ENSMUSG00000032228,1.2.1.0_E2A-like,1.2.1_E2A,1.08219538017185,0.511511749843541,1.34101669091705,0.693832484929526,0.802915856891107,NA,NA,NA,NA,NA,NA,NA,0.853717840428204
26,MA0050.2,IRF1,ENSG00000125347,3.5.3.0_IRF,3.5.3_IRF,1.60069161517764,1.23657403687738,1.37827268734048,1.63035440353517,1.3769294840742,0.956993910031582,1.07964333679104,1.23173028591578,1.14579589024677,1.42783017022229,1.01470104934643,1.98306616292115,1.07839235056093
27,MA1125.1,ZNF384,ENSG00000126746,2.3.3.37_ZNF362-like,2.3.3_More than 3 adjacent zinc fingers,2.30728131892296,3.63680143224077,2.71540945079976,2.01982412437498,2.86624861111117,4.02472708590238,3.23619822086148,4.16244988088017,4.08746284125034,2.8909490517395,3.82716340313778,5.07086633071964,3.39371877795537
28,MA0522.2,TCF3,ENSG00000071564,1.2.1.0_E2A-like,1.2.1_E2A,0.899478700767447,0.515119958904482,1.12818382067016,0.496509036307622,0.673841338737563,1.1949552386296,NA,NA,0.932885804141463,NA,NA,NA,NA
29,MA0042.2,FOXI1,ENSG00000168269,3.3.1.9_FOXI,3.3.1_FOX,1.23370998180708,1.02098340159808,0.968587047368539,1.91973094138194,0.696943747833184,0.660827631750331,1.72302640320833,NA,NA,0.974414589805527,NA,NA,NA
30,MA0852.2,FOXK1,ENSG00000164916,3.3.1.11_FOXK,3.3.1_FOX,1.20977736047424,0.838886949814092,0.913211914405237,1.29449280268875,0.636220620426389,NA,0.881203951944869,NA,NA,0.845079423172656,NA,NA,NA
31,MA0816.1,Ascl2,ENSMUSG00000009248,1.2.2.2_ASC,1.2.2_MyoD-ASC-related,1.06195999210135,NA,1.37181146779118,0.593562794690012,0.830519109701995,NA,NA,NA,NA,NA,NA,NA,NA
32,MA0606.1,NFAT5,ENSMUSG00000003847,6.1.3.0_NFAT-related,6.1.3_NFAT-related,0.718448606741699,0.320817617572069,0.526388336608046,0.733500698977125,0.513182623285103,0.542288551041581,0.313711844127568,NA,NA,0.540807173207619,NA,0.564333542278857,0.327875918443434
33,MA0509.1,Rfx1,ENSMUSG00000031706,3.3.3.0_RFX,3.3.3_RFX,1.52872366117279,NA,1.32007014866678,NA,1.17382945589823,NA,NA,NA,NA,NA,NA,NA,NA
34,MA0830.1,TCF4,ENSG00000196628,1.2.1.0_E2A-like,1.2.1_E2A,0.887073558049626,0.516222910048851,1.13371474948003,0.450942066642046,0.643968065626116,1.32832586608551,NA,NA,1.26782068954791,NA,NA,NA,NA
35,MA0607.1,Bhlha15,ENSMUSG00000052271,1.2.3.4_Neurogenin-ATO,1.2.3_Tal-related,0.964053303593609,NA,1.0806736755877,0.6584576359765,0.634737545163802,NA,NA,NA,NA,NA,NA,NA,NA
36,MA0614.1,Foxj2,ENSMUSG00000003154,3.3.1.10_FOXJ,3.3.1_FOX,0.994659975244801,0.768806860694162,0.681509989606241,1.23594105596937,0.493791610693255,NA,1.89923702306508,NA,NA,0.640581057741864,NA,NA,NA
37,MA0079.3,SP1,ENSG00000185591,2.3.1.1_Sp1-like,2.3.1_Three-zinc finger Krüppel-related,1.05582257638447,2.28950661719498,1.31807576939176,0.611657367386576,0.723314918311935,NA,1.18233597860343,1.44625622988956,1.02330008772383,0.81141028675429,1.24496611307248,0.972863870062486,1.26255756066638
38,MA1109.1,NEUROD1,ENSG00000162992,1.2.3.4_Neurogenin-ATO,1.2.3_Tal-related,0.937300315184233,NA,1.23395308451471,0.538032145653747,0.784786231172965,NA,NA,NA,NA,NA,NA,NA,NA
39,MA0480.1,Foxo1,ENSMUSG00000044167,3.3.1.15_FOXO,3.3.1_FOX,1.02437557526934,0.626337172759344,0.887756428651803,1.07601074624006,0.552887034552416,NA,1.0457819934827,NA,NA,0.58777203430798,NA,NA,NA
40,MA1100.1,ASCL1,ENSG00000139352,1.2.2.2_ASC,1.2.2_MyoD-ASC-related,0.97048000339343,0.504830681956677,1.41436372502059,0.466775494329713,0.805645627109415,NA,NA,NA,NA,NA,NA,NA,0.602605461508406
41,MA0152.1,NFATC2,ENSG00000101096,6.1.3.0_NFAT-related,6.1.3_NFAT-related,0.617049177667071,NA,0.538977632948213,0.615321285124949,0.465225518133998,1.3536369546147,0.66336736473747,NA,NA,0.562361071784024,0.459679525681621,1.01602022059047,0.410250568821852
42,MA0766.1,GATA5,ENSG00000130700,2.2.1.1_GATA double,2.2.1_C4-GATA-related,0.932051282647536,NA,NA,NA,NA,NA,NA,NA,0.983126181435604,0.633587854320898,NA,NA,NA
43,MA0516.1,SP2,ENSG00000167182,2.3.1.1_Sp1-like,2.3.1_Three-zinc finger Krüppel-related,1.01098902515042,2.77158379103578,1.42109044846184,0.488477651750473,0.773838856429668,NA,1.05390069988684,1.70688993026077,1.15571659624411,0.854488897648699,0.703084701490429,0.673127422788375,1.32590794579991
44,MA0842.1,NRL,ENSG00000129535,1.1.3.1_Large MAF,1.1.3_Maf-related,0.687670297909433,NA,0.656060805134619,0.391681520005975,NA,NA,NA,NA,NA,NA,NA,NA,NA
45,MA0820.1,FIGLA,ENSG00000183733,1.2.3.2_TWIST,1.2.3_Tal-related,0.713361784075923,0.401396888970652,0.891190873867434,0.421739328565347,0.523746613143796,NA,NA,NA,NA,NA,NA,NA,NA
46,MA1116.1,RBPJ,ENSG00000168214,6.1.4.1_M,6.1.4_CSL-related,0.806886083281592,NA,0.817467933686339,0.592547095949148,0.60000000236307,NA,1.12711191790334,0.710892082556313,1.29740577575329,NA,1.05289494843213,0.939572699268706,1.34975452224991
47,MA0117.2,Mafb,ENSMUSG00000074622,1.1.3.1_Large MAF,1.1.3_Maf-related,0.907116882965408,0.499180548200196,0.776753533920015,0.65862862173898,NA,NA,NA,NA,NA,NA,NA,NA,NA
48,MA0031.1,FOXD1,ENSG00000251493,3.3.1.4_FOXD,3.3.1_FOX,1.62737377530589,1.40348772452698,1.26303440583379,1.82752235691303,NA,NA,NA,NA,NA,0.694567010108258,NA,NA,NA
49,MA0599.1,KLF5,ENSG00000102554,2.3.1.2_Kr-like,2.3.1_Three-zinc finger Krüppel-related,0.879208982683596,1.96771578830456,1.17508670655809,NA,0.545372147790191,NA,0.831985786594628,2.43538614467065,1.69768560650439,NA,0.740961981876502,1.20929923977646,1.08432257960441
50,MA0048.2,NHLH1,NA,NA_NA,NA_NA,1.00043265708553,0.550289923066377,1.40013200216235,0.590059838601067,0.789433014060341,NA,NA,NA,NA,NA,NA,NA,1.13117259814618
51,MA0824.1,ID4,ENSG00000172201,1.2.8.0_Id,1.2.8_HLH only,0.779425191496071,0.477246967868036,1.054471147694,NA,0.579859624358482,0.979291103167891,NA,NA,1.38373337936083,NA,NA,NA,NA
52,MA0103.3,ZEB1,ENSG00000148516,3.1.8.3_ZEB,3.1.8_HD-ZF,0.77363002433701,0.626672752605993,1.01312328049855,0.428086495009103,0.594976289349175,NA,NA,NA,NA,NA,NA,NA,NA
53,MA0030.1,FOXF2,ENSG00000137273,3.3.1.6_FOXF,3.3.1_FOX,1.52583733762406,1.17598773398879,1.26144699136127,1.72782218168139,NA,NA,NA,NA,NA,1.12704916611277,NA,NA,NA
54,MA1123.1,TWIST1,ENSG00000122691,1.2.3.2_TWIST,1.2.3_Tal-related,0.780255388775239,NA,0.946907495589634,0.524092456169955,0.565678917265669,NA,NA,NA,NA,NA,NA,NA,NA
55,MA0497.1,MEF2C,ENSG00000081189,5.1.1.1_MEF2,5.1.1_Regulators of differentiation,1.06287720297207,1.02056557039447,0.86411087419428,1.47419660918513,0.624336739055301,2.06840077479794,0.863650786252348,1.34255474547732,1.26459491982141,0.917892136234388,1.25030516705685,1.90212135146065,1.43953206119959
56,MA0495.2,MAFF,ENSG00000185022,1.1.3.2_Small MAF,1.1.3_Maf-related,1.26303440583379,1.25474443349009,1.07059398000053,1.58440124996874,NA,0.786414083419236,NA,NA,NA,NA,NA,NA,0.819927043181605
57,MA1107.1,KLF9,ENSG00000119138,2.3.1.2_Kr-like,2.3.1_Three-zinc finger Krüppel-related,0.90121547433363,1.61779389318853,1.25583890442959,0.72912909993424,0.699415855849808,1.64191838553323,0.930270129559811,1.64226117021934,1.27088048929697,NA,1.09027410369334,1.23884635339281,1.12247248482807
58,MA0625.1,NFATC3,ENSG00000072736,6.1.3.0_NFAT-related,6.1.3_NFAT-related,0.668405570519158,NA,0.51309726984591,0.69792749537145,0.461745484475544,1.35255971354103,0.499281732195401,NA,NA,0.405807173225305,NA,1.59678793611795,NA
59,MA0471.1,E2F6,ENSG00000169016,3.3.2.1_E2F,3.3.2_E2F,1.01620728995202,1.10289468564083,1.32082385063836,0.667496429644658,0.837977674164466,NA,1.13475814701112,0.791789618910728,1.1743709064735,0.744711626416847,0.946418959795156,NA,1.29391371871777
60,MA0046.2,HNF1A,ENSG00000135100,3.1.10.7_HNF1-like,3.1.10_POU,1.47544901597467,1.34507343153522,NA,1.49638603916011,1.223438231488,1.12719970244448,NA,NA,1.07062298163568,1.56044018158709,NA,NA,NA
61,MA0496.2,MAFK,ENSG00000198517,1.1.3.2_Small MAF,1.1.3_Maf-related,1.40284809027093,1.22070604470856,1.20307327765933,1.50627915102868,NA,NA,NA,NA,NA,NA,NA,NA,0.80851885519124
62,MA0799.1,RFX4,ENSG00000111783,3.3.3.0_RFX,3.3.3_RFX,1.78698113187332,NA,1.86910593314905,1.13477667933445,1.71881824745595,NA,NA,NA,NA,1.90689059560852,NA,NA,NA
63,MA0659.1,MAFG,NA,NA_NA,NA_NA,1.49583210288962,0.925999418556223,1.38038782543536,1.04109810608952,NA,NA,NA,NA,NA,NA,NA,NA,NA
64,MA0624.1,NFATC1,ENSMUSG00000033016,6.1.3.0_NFAT-related,6.1.3_NFAT-related,0.561762342292185,NA,0.411270669355924,0.523794321591553,0.400792011460431,0.986467586693149,0.494129996939285,NA,NA,0.642843416801656,NA,1.48980526768082,0.417617256756685
65,MA0617.1,Id2,ENSMUSG00000020644,1.2.8.0_Id,1.2.8_HLH only,1.84352169539489,2.05687452141692,1.69296969033952,1.5385031896285,1.17508670655809,NA,1.26421259703107,1.42380770890658,NA,NA,NA,1.8512982696452,1.83799551439745
66,MA0136.2,ELF5,ENSG00000135374,3.5.2.4_EHF-like,3.5.2_Ets-related,0.807147354969858,NA,0.754506175475341,NA,1.15071833217622,NA,1.84594783138321,1.08440855962939,1.51502620942977,1.14569851659084,0.851424318751121,1.74264923266979,0.881978025643031
67,MA0622.1,Mlxip,ENSMUSG00000038342,1.2.6.6_MONDOlike,1.2.6_bHLH-ZIP,1.84771265967374,2.05788797619242,1.68058312426869,1.5472204067296,NA,NA,1.41922529624228,1.45715547558159,NA,NA,NA,2.01885902725132,1.97016477045924
68,MA0081.1,SPIB,ENSG00000269404,3.5.2.5_SPI-like,3.5.2_Ets-related,0.506880689261781,NA,0.524028822478504,0.443899401908873,0.518665927463641,NA,2.00625899047168,1.06907838273905,1.37637587890974,0.994825953662063,0.954111845936695,1.96380311475006,0.715420063884942
69,MA0004.1,Arnt,ENSMUSG00000015522,1.2.5.2_PAS-ARNT,1.2.5_PAS,1.82442843541655,2.03525084718305,1.67711573913869,1.51705843621935,1.20929923977646,NA,1.68210365913169,1.60950468498395,NA,NA,NA,2.00339857646186,2.02358682031762
70,MA0157.2,FOXO3,ENSG00000118689,3.3.1.15_FOXO,3.3.1_FOX,1.49833253182255,1.29335894269059,1.27509493007749,1.870334862793,NA,NA,0.912484612081742,NA,NA,0.803004355729034,NA,NA,NA
71,MA0798.1,RFX3,ENSG00000080298,3.3.3.0_RFX,3.3.3_RFX,2.07881438317683,NA,1.98564470702293,2.00998408857262,2.23619822086148,NA,NA,NA,NA,2.26643298229566,NA,NA,NA
72,MA0091.1,TAL1::TCF3,ENSG00000162367,1.2.3.1_TAL-HEN,1.2.3_Tal-related,1.04069658136923,NA,1.1637802612214,0.71682794859513,0.869486130217177,NA,NA,NA,NA,NA,NA,NA,NA
73,MA0153.2,HNF1B,ENSMUSG00000020679,3.1.10.7_HNF1-like,3.1.10_POU,1.52724700286487,1.40019515168463,NA,1.41503749927884,1.2089468902715,NA,NA,NA,1.31310424450036,NA,NA,NA,NA
74,MA0665.1,MSC,ENSG00000178860,1.2.3.3_MESP,1.2.3_Tal-related,0.977429588424672,NA,1.04676687761433,NA,0.822408530296419,NA,NA,NA,NA,NA,NA,NA,NA
75,MA0517.1,STAT1::STAT2,ENSG00000115415,6.2.1.0_STAT,6.2.1_STAT,1.14979679994136,0.837129756091638,1.02748073642211,1.23078020682917,1.07212951621026,NA,0.995451299308368,0.753085259529483,0.783030466509173,1.13439594033862,NA,1.71230353993194,0.734071520897027
76,MA0691.1,TFAP4,ENSG00000090447,1.2.6.4_AP4,1.2.6_bHLH-ZIP,0.944108799107955,NA,1.1630081393891,0.823306443105253,0.720986213581755,NA,NA,NA,NA,NA,NA,NA,NA
77,MA0476.1,FOS,ENSG00000170345,1.1.2.1_Fos,1.1.2_Fos-related,0.98038840825791,2.96445786102328,1.40726988685552,2.86534109440641,2.09492199823778,2.09304191146541,1.50951027229169,1.54014762744705,1.14191984262289,1.23050506712377,1.94200729475662,0.796997227976254,2.17990909001493
78,MA1101.1,BACH2,ENSG00000112182,1.1.1.2_NFE2,1.1.1_Jun-related,0.944813078752273,2.12535684923279,1.18676851160573,2.13168310906545,1.36690500360575,1.29555267946306,0.891548908679443,0.807186392761123,0.773907172554343,NA,1.29868790961247,NA,1.88949899272323
79,MA1128.1,FOSL1::JUN,ENSG00000177606,1.1.1.1_Jun,1.1.1_Jun-related,0.885089768258767,3.07609599944597,1.09094621125059,2.82465716233591,1.83943564024271,2.17443342711406,1.67819818591633,1.74616732493802,1.32860210081067,NA,1.70881735624371,0.915169159720116,2.21179617828731
80,MA0478.1,FOSL2,ENSG00000075426,1.1.2.1_Fos,1.1.2_Fos-related,1.0917583229592,2.75715946332732,1.44983476184882,2.86925293824515,2.17475900751276,2.1030934929641,1.43573649194668,1.67537779594337,1.15942056500753,0.933308943913052,1.79683705014361,0.927315546098517,2.39551829514763
81,MA0491.1,JUND,ENSG00000130522,1.1.1.1_Jun,1.1.1_Jun-related,1.20539434498455,3.15303765429318,1.66187987161005,3.34881138903831,2.25511474253756,2.1416785637175,1.68633952109624,1.62618516344767,1.17263938613935,NA,1.86433013338047,NA,2.59829813728264
82,MA1135.1,FOSB::JUNB,ENSG00000125740,1.1.2.1_Fos,1.1.2_Fos-related,0.928726396848991,2.72493629258318,1.21389322072382,2.76752850124052,1.92005822603343,2.12954553992647,1.33371595471888,1.55990783270062,1.17888790574214,1.0082676159836,1.63991091011905,1.21588645747704,2.20821643794522
83,MA1130.1,FOSL2::JUN,ENSG00000177606,1.1.1.1_Jun,1.1.1_Jun-related,0.859227623342819,2.81152255627283,1.0631606484992,2.85928466336141,2.01306254280767,2.29675751915246,1.58732951526507,1.670178502955,1.28817930353282,NA,1.77593382438186,1.06774460663583,2.21710211866659
84,MA1141.1,FOS::JUND,ENSG00000170345,1.1.2.1_Fos,1.1.2_Fos-related,0.996527808093195,3.02407010825946,1.27219704947864,2.9209932987267,1.95117987175332,2.34276159830453,1.44598608757235,1.71897984869284,1.26303440583379,0.946684185467544,1.78553681185191,0.80446278268432,2.31099393276499
85,MA1134.1,FOS::JUNB,ENSG00000170345,1.1.2.1_Fos,1.1.2_Fos-related,0.999298129375167,2.95604842609207,1.29256603525602,2.91907321787459,1.98255486554059,2.33175910424706,1.39404251570329,1.52958574368478,1.17098619681262,1.0191318601782,1.791094972749,1.13615426478707,2.33227003910882
86,MA0461.2,Atoh1,ENSMUSG00000073043,1.2.3.4_Neurogenin-ATO,1.2.3_Tal-related,0.879822352410348,NA,0.785552888720156,0.629888371602673,0.588866955177072,NA,NA,NA,NA,NA,NA,NA,NA
87,MA0825.1,MNT,ENSG00000070444,1.2.6.7_MAD,1.2.6_bHLH-ZIP,1.54899700343328,1.96962635095648,1.61878416781789,1.44083350015618,NA,NA,NA,NA,NA,NA,NA,1.63103214941714,1.65031121191202
88,MA1138.1,FOSL2::JUNB,ENSG00000075426,1.1.2.1_Fos,1.1.2_Fos-related,0.945431057460577,2.79535738895801,1.18306610113038,2.7878913234925,2.06706247801727,2.28597121711095,1.44172260742208,1.55639334852439,1.29593288635442,0.97602113706556,1.63961365923233,1.07483523292259,2.17397907115559
89,MA0144.2,STAT3,ENSG00000168610,6.2.1.0_STAT,6.2.1_STAT,0.712328314671832,NA,0.691846132709558,0.574481016852833,NA,NA,1.29197487278573,NA,NA,NA,NA,NA,0.546089609076866
90,MA0052.3,MEF2A,ENSG00000068305,5.1.1.1_MEF2,5.1.1_Regulators of differentiation,1.67646085520665,2.03001256906644,1.63802374447257,2.25246327522426,1.33816873589457,2.06817150264158,1.65235336645126,1.76553474636298,1.23255228755667,1.39854937649027,1.72499295250013,1.54820395071104,1.64935916545211
91,MA0099.3,FOS::JUN,ENSG00000170345,1.1.2.1_Fos,1.1.2_Fos-related,0.814573090752351,2.74531417545667,1.06511586903751,2.71452820504645,1.96305449190651,2.32891452520347,1.40733563898283,1.8424018691568,1.2465690926333,0.952442747422926,1.61220373930785,1.2106110720232,2.114332675479
92,MA0146.2,Zfx,ENSMUSG00000079509,2.3.3.65_ZFX-ZFY,2.3.3_More than 3 adjacent zinc fingers,0.790823198167716,1.75064053106328,1.25307477463735,NA,NA,NA,1.23893873021633,1.89812038598079,0.701273887022898,NA,NA,NA,1.10321250266026
93,MA0518.1,Stat4,ENSMUSG00000062939,6.2.1.0_STAT,6.2.1_STAT,0.794997715537621,NA,0.869859864663551,0.621246618045933,0.787949522885011,NA,1.57668302295659,NA,NA,NA,NA,NA,NA
94,MA1144.1,FOSL2::JUND,ENSG00000075426,1.1.2.1_Fos,1.1.2_Fos-related,0.913659151060954,2.88961260417668,1.21029601578008,2.78672395900872,1.89070135750919,2.44863256773055,1.26022449486219,1.71632582810717,1.34972654723093,0.985723626912498,1.66860285211041,1.19738299694906,2.2591655781144
95,MA0746.1,SP3,ENSG00000172845,2.3.1.1_Sp1-like,2.3.1_Three-zinc finger Krüppel-related,0.578614186200787,1.87418459074021,0.89454924540675,NA,1.05650709621669,NA,0.716207033999409,1.29048504723648,0.628826314967633,NA,1.34701907585019,NA,1.02903770489431
96,MA0510.2,RFX5,ENSG00000143390,3.3.3.0_RFX,3.3.3_RFX,2.30798890392949,NA,2.36773178450049,2.361456459074,2.15591814344843,NA,NA,NA,NA,2.70043971814109,NA,NA,NA
97,MA0490.1,JUNB,ENSG00000171223,1.1.1.1_Jun,1.1.1_Jun-related,0.997043656668588,2.81242962771231,1.3942950722192,2.97219559472858,2.01270087870753,2.08210108021489,1.45830746148283,1.44037862862139,1.12254961985848,1.15200309344505,1.77836221599737,0.844821583926874,2.3517927353294
98,MA0489.1,JUN(var.2),ENSG00000177606,1.1.1.1_Jun,1.1.1_Jun-related,0.936106383401373,2.62311560767629,1.289618328453,2.85054452836373,1.93980521808125,2.00046772412175,1.53266231103944,1.72136873911519,1.02303753607687,0.963792986842995,2.01202708401559,0.784571526413316,2.19419496074881
99,MA0507.1,POU2F2,ENSG00000028277,3.1.10.2_POU2,3.1.10_POU,1.02866375825214,0.857488355532248,NA,0.834341005210831,NA,NA,NA,NA,NA,NA,NA,NA,NA
100,MA0137.3,STAT1,ENSG00000115415,6.2.1.0_STAT,6.2.1_STAT,0.975436746960187,NA,0.914213936414377,0.731077034803747,NA,NA,1.39960745870924,NA,NA,NA,NA,NA,NA
101,MA0514.1,Sox3,ENSMUSG00000045179,4.1.1.2_Group B,4.1.1_SOX-related,0.607359742391812,NA,0.534675067058551,0.635071349019195,NA,NA,0.88508622529017,NA,NA,NA,0.838232617397275,NA,NA
102,MA0773.1,MEF2D,ENSG00000116604,5.1.1.1_MEF2,5.1.1_Regulators of differentiation,2.11042398969365,2.53032724414431,2.07275634243531,2.39787694812066,1.57190634789571,2.8073549220576,1.95735566259151,2.09604668747103,1.73696559416621,1.92858566670784,1.8912937405575,1.92599941855622,1.9101144964828
103,MA0040.1,Foxq1,ENSMUSG00000038415,3.3.1.17_FOXQ,3.3.1_FOX,0.895133285578267,0.647287095174998,NA,1.20138243296391,NA,NA,NA,NA,NA,NA,NA,NA,NA
104,MA0786.1,POU3F1,ENSG00000185668,3.1.10.3_POU3,3.1.10_POU,0.758991900496205,0.822845207962371,NA,0.920544544950356,NA,0.915271969365499,NA,NA,NA,NA,NA,NA,NA
105,MA0513.1,SMAD2::SMAD3::SMAD4,ENSG00000175387,7.1.1.1_R-MAD,7.1.1_SMAD,0.687445458322407,0.494109070270043,1.10251784983589,0.551291685702678,0.549272821117802,NA,NA,NA,NA,NA,NA,NA,NA
106,MA0477.1,FOSL1,ENSG00000175592,1.1.2.1_Fos,1.1.2_Fos-related,1.23577145113765,2.88061127080967,1.79199300657761,3.07091166498649,2.04374146382102,1.92589525660961,1.43379506285816,1.48929903668623,1.08417705317434,NA,1.68744545832241,NA,2.45691930622029
107,MA0076.2,ELK4,ENSG00000158711,3.5.2.2_ELK-like,3.5.2_Ets-related,0.984487000628676,NA,0.944081154916936,NA,1.28328216698788,NA,2.49072643087539,1.3283400834016,0.906350765839493,1.14278456341567,1.07487361931665,1.46558384561889,1.4521090858831
108,MA0698.1,ZBTB18,ENSG00000179456,2.3.3.16_ZNF238-like,2.3.3_More than 3 adjacent zinc fingers,0.979972945320297,NA,0.929039872876274,0.678071905112638,0.673639658797377,NA,NA,NA,NA,NA,NA,NA,NA
109,MA0660.1,MEF2B,ENSG00000213999,5.1.1.1_MEF2,5.1.1_Regulators of differentiation,2.09953567355091,2.55397068625753,2.07342978221145,2.18699851480125,1.64385618977472,2.8294118429308,2.2829339632715,2.25891829736156,1.71989208080726,1.92662681366978,2.02819689183065,2.01495034146597,2.21089678249862
110,MA1137.1,FOSL1::JUNB,ENSG00000175592,1.1.2.1_Fos,1.1.2_Fos-related,0.650830038441296,2.98398197535905,0.905330081620902,2.6330146301273,2.01666268810319,2.18877878482761,1.57874032073722,1.78044226036758,0.909281143033513,0.962223349197043,1.8034941618288,1.22690148750159,2.25460151936689
111,MA0002.2,RUNX1,ENSG00000159216,6.4.1.0_Runt-related,6.4.1_Runt-related,0.486407335263978,NA,0.637920403826302,NA,NA,NA,NA,NA,NA,NA,1.37083769536831,2.41395723337971,1.39256966424122
112,MA0745.1,SNAI2,ENSG00000019549,2.3.3.2_Snail-like,2.3.3_More than 3 adjacent zinc fingers,0.852353956534786,NA,0.595508772423361,NA,NA,NA,NA,NA,1.123456553846,NA,NA,NA,NA
113,MA0600.2,RFX2,ENSG00000087903,3.3.3.0_RFX,3.3.3_RFX,2.60921004696783,NA,2.68449817427207,2.12553088208386,2.21501289097085,NA,NA,NA,NA,2.32192809488736,NA,NA,NA
114,MA0608.1,Creb3l2,ENSMUSG00000038648,1.1.7.2_CREB3-like,1.1.7_CREB-related,1.69157369135219,1.96313470624814,1.68449817427207,1.40025645557232,NA,NA,NA,NA,NA,NA,NA,NA,1.81713594285019
115,MA0823.1,HEY1,ENSG00000164683,1.2.4.1_HAIRY,1.2.4_Hairy-related,1.57619229109342,2.18830353075717,1.56704059272389,1.15926064758334,NA,NA,NA,NA,NA,NA,NA,NA,1.57346686188333
116,MA0913.1,Hoxd9,ENSMUSG00000043342,3.1.1.8_HOX9-13,3.1.1_HOX,0.572942357448606,0.59274478698687,0.422747982588639,0.972574255860615,0.636701470692777,0.714864301737753,NA,NA,NA,0.473346272435128,NA,NA,NA
117,MA0633.1,Twist2,NA,NA_NA,NA_NA,0.790837888516071,NA,0.522990866316968,0.546325652114187,NA,NA,NA,NA,NA,NA,NA,NA,NA
118,MA0058.3,MAX,ENSG00000125952,1.2.6.5_MYC,1.2.6_bHLH-ZIP,1.55849028935997,1.85244281158614,1.50376641787318,1.26857867029443,NA,NA,NA,NA,NA,NA,0.949373926930032,0.955295227571573,1.81042775610723
119,MA1142.1,FOSL1::JUND,ENSG00000175592,1.1.2.1_Fos,1.1.2_Fos-related,0.513354165540597,2.85490934085492,0.543786019753026,2.76276802529771,1.90307225626212,2.24195102684685,1.35984432901365,1.67145564070681,0.965257520173215,0.86900390740445,1.99208033670376,1.06529146025172,2.37030572816431
120,MA0750.2,ZBTB7A,ENSG00000178951,2.3.3.8_ZBTB7,2.3.3_More than 3 adjacent zinc fingers,0.780126356955178,0.793708105952305,1.00370396876342,NA,0.923756362543185,NA,2.0434955238508,1.18385195948439,0.627177448628094,0.864277948023112,0.788256909417762,0.988270707417893,1.33233397749286
121,MA1106.1,HIF1A,ENSG00000100644,1.2.5.1_PAS-AHR,1.2.5_PAS,1.3438428713158,1.44098076653113,1.15200309344505,NA,NA,NA,NA,NA,NA,NA,NA,NA,NA
122,MA0619.1,LIN54,NA,NA_NA,NA_NA,0.538552035764198,0.389491378699997,NA,0.68733780106749,NA,0.87996929629323,NA,NA,NA,NA,NA,NA,NA
123,MA0065.2,Pparg::Rxra,ENSMUSG00000000440,2.1.2.5_PPAR(NR1C),2.1.2_Thyroid hormone receptor-related factors,0.445290529343232,NA,0.561723562485255,NA,NA,NA,NA,NA,NA,NA,NA,NA,0.490450378629584
124,MA0073.1,RREB1,ENSG00000124782,2.3.4.0_unclassified,2.3.4_Factors with multiple dispersed zinc fingers,1.48857796429681,1.6559290220753,1.81189408167277,1.39689015256858,1.16595453882765,NA,1.17470214170418,NA,NA,NA,NA,1.17856391971618,1.71187461320338
125,MA0792.1,POU5F1B,ENSG00000212993,3.1.10.5_POU5,3.1.10_POU,0.645347347572478,0.610709305057392,NA,0.634072712346261,NA,0.668252844082192,NA,NA,NA,NA,NA,NA,NA
126,MA0597.1,THAP1,ENSG00000131931,2.9.1.0_THAP,2.9.1_THAP,0.303373980464168,NA,0.575015958376617,NA,NA,NA,0.332908239735987,0.673928932561883,0.966525295448912,NA,NA,NA,0.35099613746993
127,MA0442.2,SOX10,ENSG00000100146,4.1.1.5_Group E,4.1.1_SOX-related,0.521572156299573,NA,0.466891184619782,0.513773526597246,NA,NA,1.42285700373814,NA,NA,NA,1.01353315565369,NA,NA
128,MA0601.1,Arid3b,ENSMUSG00000004661,3.7.1.3_ARID3,3.7.1_ARID-related,0.603332571482941,0.822266631461532,0.649600865401258,1.31932629969908,0.940972424347951,1.00729249256636,NA,NA,NA,0.592182759974998,NA,NA,NA
129,MA1114.1,PBX3,ENSG00000167081,3.1.4.1_IRX,3.1.4_TALE-type HD,0.642354164609493,0.848978362138723,0.594361198723406,0.635325332290368,NA,NA,NA,NA,NA,NA,NA,NA,0.711269111183742
130,MA1115.1,POU5F1,ENSG00000204531,3.1.10.5_POU5,3.1.10_POU,0.537288939168525,0.428771610312673,NA,0.487715003765512,NA,NA,NA,NA,NA,NA,NA,NA,NA
131,MA0483.1,Gfi1b,ENSMUSG00000026815,2.3.3.21_GFI1,2.3.3_More than 3 adjacent zinc fingers,0.636069785659369,NA,0.537170063141756,0.497186540632715,NA,NA,NA,NA,NA,NA,NA,NA,NA
132,MA0687.1,SPIC,ENSG00000166211,3.5.2.5_SPI-like,3.5.2_Ets-related,0.77332409446854,0.638058682900637,0.752664280524194,0.727899138304589,0.806028915492851,NA,1.28722700378236,0.842287188022427,0.994426155175408,0.801791613429473,NA,1.8512425660586,0.672026862465886
133,MA1124.1,ZNF24,ENSG00000172466,2.3.3.10_ZNF24-like,2.3.3_More than 3 adjacent zinc fingers,1.08522783686703,1.20558413364989,NA,1.32192809488736,0.913843356250285,NA,NA,NA,NA,NA,NA,NA,NA
134,MA0140.2,GATA1::TAL1,ENSG00000102145,2.2.1.1_GATA double,2.2.1_C4-GATA-related,0.912736853544206,NA,NA,NA,NA,NA,NA,NA,NA,NA,NA,NA,NA
135,MA0602.1,Arid5a,ENSMUSG00000037447,3.7.1.5_ARID5,3.7.1_ARID-related,0.688765184760174,0.665521144808936,NA,0.833706249004556,NA,0.632020209016785,NA,NA,NA,NA,NA,NA,NA
136,MA0464.2,BHLHE40,ENSG00000134107,1.2.4.1_HAIRY,1.2.4_Hairy-related,1.64244799538192,1.98138432183265,NA,NA,NA,NA,NA,NA,NA,NA,NA,NA,1.38974347911493
137,MA0788.1,POU3F3,ENSG00000198914,3.1.10.3_POU3,3.1.10_POU,0.774352010056315,0.835971092526164,NA,0.935902417976326,NA,1.04845326802707,NA,NA,NA,NA,NA,NA,NA
138,MA0595.1,SREBF1,ENSG00000072310,1.2.6.3_SREBF,1.2.6_bHLH-ZIP,0.774618135645604,0.708452906423794,0.734627352097005,0.705038952712907,NA,NA,NA,NA,NA,NA,NA,NA,NA
139,MA0827.1,OLIG3,ENSG00000177468,1.2.3.4_Neurogenin-ATO,1.2.3_Tal-related,0.824040165359868,NA,NA,NA,NA,NA,NA,NA,NA,NA,NA,NA,NA
140,MA0039.3,KLF4,ENSG00000136826,2.3.1.2_Kr-like,2.3.1_Three-zinc finger Krüppel-related,0.580732046917891,0.675464362407009,0.79246070675791,NA,0.452620682087,NA,0.62823656653267,0.571176008050517,NA,NA,NA,NA,0.702464720801519
141,MA0465.1,CDX2,ENSG00000165556,3.1.1.9_CDX,3.1.1_HOX,0.792507157650291,0.638547722353815,NA,0.858208137541785,NA,NA,NA,NA,NA,NA,NA,NA,NA
142,MA0591.1,Bach1::Mafk,ENSMUSG00000025612,1.1.1.2_NFE2,1.1.1_Jun-related,1.37536735384882,2.44349007476828,1.71768653167132,2.07491570677791,1.44080549073928,1.64154602908752,NA,NA,NA,NA,1.31299497011735,NA,2.12135777600022
143,MA0092.1,Hand1::Tcf3,ENSMUSG00000037335,1.2.3.2_TWIST,1.2.3_Tal-related,0.399588986025597,NA,0.532347874557734,NA,NA,NA,NA,NA,NA,NA,NA,NA,NA
144,MA0774.1,MEIS2,ENSG00000134138,3.1.4.2_MEIS,3.1.4_TALE-type HD,0.614663525454623,NA,NA,0.43853414157496,NA,NA,NA,NA,NA,0.44969398135453,NA,NA,NA
145,MA0789.1,POU3F4,ENSG00000196767,3.1.10.3_POU3,3.1.10_POU,0.838780407276258,0.830225522324415,NA,0.685226624194585,NA,NA,NA,NA,NA,NA,NA,NA,NA
146,MA0259.1,ARNT::HIF1A,ENSG00000143437,1.2.5.2_PAS-ARNT,1.2.5_PAS,0.969838029489748,1.46643665178549,1.01072640659306,NA,0.847540790509137,NA,1.34078712213868,1.08014142275761,NA,NA,0.875364090054575,0.88203666264571,1.32948808620021
147,MA0790.1,POU4F1,ENSG00000152192,3.1.10.4_POU4,3.1.10_POU,0.736965594166206,0.972465004144131,0.497225929265861,1.38773927851779,0.799294727459366,1.1064044049038,NA,NA,NA,0.624032065399749,NA,NA,NA
148,MA0623.1,Neurog1,ENSMUSG00000048904,1.2.3.4_Neurogenin-ATO,1.2.3_Tal-related,0.527028171402686,NA,0.403151890161335,NA,NA,NA,NA,NA,NA,NA,NA,NA,NA
149,MA0093.2,USF1,ENSG00000158773,1.2.6.2_USF,1.2.6_bHLH-ZIP,0.806585689812833,1.38363766708635,0.863205591546174,1.19719740816384,NA,NA,NA,NA,NA,NA,NA,NA,1.44745897697122
150,MA0899.1,HOXA10,ENSG00000253293,3.1.1.8_HOX9-13,3.1.1_HOX,0.52674788677586,0.543217959776652,0.404960972201473,0.900058562126093,0.630184575716087,0.821773981970568,NA,NA,NA,0.49910920545358,NA,NA,NA
151,MA0519.1,Stat5a::Stat5b,ENSMUSG00000004043,6.2.1.0_STAT,6.2.1_STAT,0.636473226256036,NA,0.70353629593624,0.606197237157938,NA,NA,0.738802252645823,NA,NA,NA,NA,NA,NA
152,MA0484.1,HNF4G,ENSG00000164749,2.1.3.2_HNF4(NR2A),2.1.3_RXR-related receptors,0.709920771151978,NA,NA,NA,NA,NA,NA,NA,NA,1.03581007594053,NA,NA,NA
153,MA0018.3,CREB1,ENSG00000118260,1.1.7.1_CREB-like,1.1.7_CREB-related,0.870515924586185,1.59700569154693,1.06831694294019,1.15784397203411,0.88415167131348,1.76761580700639,1.29654277646745,1.31103977874463,1.18909241218027,NA,1.71271804791953,1.42417815313531,1.17762321251793
154,MA0909.1,HOXD13,ENSG00000128714,3.1.1.8_HOX9-13,3.1.1_HOX,0.632565988168477,0.595168332006138,NA,0.808920825358978,0.585787133519195,NA,NA,NA,NA,NA,NA,NA,NA
155,MA0626.1,Npas2,ENSMUSG00000026077,1.2.5.2_PAS-ARNT,1.2.5_PAS,1.57568468713315,1.85798099512757,1.71958351593797,1.33703498727757,NA,NA,NA,NA,NA,NA,NA,1.82888808360725,1.49254686649976
156,MA0108.2,TBP,ENSG00000112592,8.1.1.0_TBP-related,8.1.1_TBP-related,0.765242584547299,0.74659643794803,NA,NA,NA,0.771437811423346,NA,NA,NA,NA,NA,NA,NA
157,MA0667.1,MYF6,ENSG00000111046,1.2.2.1_Myogenic TFs,1.2.2_MyoD-ASC-related,0.836199100988424,NA,0.72221900879702,NA,NA,NA,NA,NA,NA,NA,NA,NA,NA
158,MA0462.1,BATF::JUN,ENSG00000156127,1.1.4.0_B-ATF-related,1.1.4_B-ATF-related,0.803573803157342,2.35142203602884,0.913482216015376,2.43526956796331,1.49343083128334,1.61455728290945,1.24988430002464,1.48089004657347,0.954687583968653,NA,1.36397682840058,NA,1.77958893179972
159,MA0669.1,NEUROG2,ENSG00000178403,1.2.3.4_Neurogenin-ATO,1.2.3_Tal-related,1.08192465770891,NA,NA,NA,NA,NA,NA,NA,NA,NA,NA,NA,NA
160,MA0832.1,Tcf21,ENSMUSG00000045680,1.2.3.3_MESP,1.2.3_Tal-related,1.33614195410706,NA,1.61432068031995,NA,1.19326043092289,NA,NA,NA,NA,NA,NA,NA,NA
161,MA0831.2,TFE3,ENSG00000068323,1.2.6.1_TFE3,1.2.6_bHLH-ZIP,0.77999417150043,1.23206368633279,0.655852535221242,1.19421921344051,NA,NA,NA,1.25722240549955,NA,NA,1.38063740218582,1.42563944440947,1.24499921645444
162,MA0819.1,CLOCK,ENSG00000134852,1.2.5.2_PAS-ARNT,1.2.5_PAS,0.952339072849816,0.831805407542327,NA,NA,NA,NA,NA,NA,NA,NA,NA,0.79234235120258,NA
163,MA0871.1,TFEC,ENSG00000105967,1.2.6.1_TFE3,1.2.6_bHLH-ZIP,0.609996067841219,0.993331135856121,0.540730642975435,0.890139231319194,NA,NA,NA,NA,NA,NA,0.9421190839195,1.22529231184224,0.894161836104312
164,MA0493.1,Klf1,ENSMUSG00000054191,2.3.1.2_Kr-like,2.3.1_Three-zinc finger Krüppel-related,0.617637193866731,1.21588645747704,0.918122992945592,NA,NA,NA,1.14158647749971,1.30553365663669,1.30146399232765,NA,1.01072640659306,NA,0.868210127444459
165,MA0603.1,Arntl,ENSMUSG00000055116,1.2.5.2_PAS-ARNT,1.2.5_PAS,1.07012094447682,1.65585253522124,0.900155761579791,0.910297197051768,NA,NA,NA,1.01172248502454,NA,NA,0.921390165303634,1.05419981306252,1.27023486070587
166,MA0650.1,HOXA13,ENSG00000106031,3.1.1.8_HOX9-13,3.1.1_HOX,0.573888025232074,0.520363261033271,NA,0.690103171768319,0.47334520333618,0.594988218906423,NA,NA,NA,NA,NA,NA,NA
167,MA0785.1,POU2F1,ENSG00000143190,3.1.10.2_POU2,3.1.10_POU,0.64291724080511,0.699806085524259,NA,0.697865774477266,NA,0.723093419584649,NA,NA,NA,NA,NA,NA,NA
168,MA0668.1,NEUROD2,ENSG00000171532,1.2.3.4_Neurogenin-ATO,1.2.3_Tal-related,0.760878214110534,NA,NA,NA,NA,NA,NA,NA,NA,NA,NA,NA,NA
169,MA0150.2,Nfe2l2,ENSMUSG00000015839,1.1.1.2_NFE2,1.1.1_Jun-related,0.838164316939765,1.81329928580686,1.08501275001745,1.84985965057214,1.10398672232921,1.15255029430156,NA,NA,NA,NA,1.03390840906944,NA,1.64918963407777
170,MA0147.3,MYC,ENSG00000136997,1.2.6.5_MYC,1.2.6_bHLH-ZIP,0.759855309685933,1.1890651876666,1.14447924306324,NA,NA,NA,NA,NA,NA,NA,NA,NA,1.77201254126541
171,MA1132.1,JUN::JUNB,ENSG00000177606,1.1.1.1_Jun,1.1.1_Jun-related,0.591420035281804,2.75185571921458,1.01401760236486,2.41218862563974,1.8129144473995,2.08880154356494,1.33042288905282,1.39425878284292,1.14291774551047,NA,1.78416637040503,1.11871377523478,2.18897974124102
172,MA0122.2,NKX3-2,ENSG00000109705,3.1.2.16_NK3,3.1.2_NK,0.5296656979655,NA,NA,NA,0.870232125029671,NA,NA,NA,NA,0.634585000876089,NA,NA,NA
173,MA0664.1,MLXIPL,ENSG00000009950,1.2.6.6_MONDOlike,1.2.6_bHLH-ZIP,1.25950559435355,1.58224299936756,NA,1.2392408125851,NA,NA,NA,NA,NA,NA,NA,NA,1.28860802168734
174,MA0692.1,TFEB,ENSG00000112561,1.2.6.1_TFE3,1.2.6_bHLH-ZIP,0.743812759562481,1.14588792404905,NA,1.06217627304287,NA,NA,NA,NA,NA,NA,0.693629186024199,1.42884329880387,1.17885431309448
175,MA0488.1,JUN,ENSG00000177606,1.1.1.1_Jun,1.1.1_Jun-related,0.879923548008249,1.54865644262512,0.93459752477836,1.35955714050846,NA,1.7846623361975,NA,NA,NA,NA,0.890675009561659,NA,1.08432490420916
176,MA0526.2,USF2,ENSG00000105698,1.2.6.2_USF,1.2.6_bHLH-ZIP,1.22941595609782,1.69357299865283,1.10095774862011,1.2512628907085,NA,NA,NA,NA,NA,NA,1.07696198181488,1.0917583229592,1.6338721012021
177,MA0878.1,CDX1,ENSG00000113722,3.1.1.9_CDX,3.1.1_HOX,0.493190065369481,0.536844620954024,NA,0.803586645244386,0.52956791105962,0.629514818998666,NA,NA,NA,NA,NA,NA,NA
178,MA0910.1,Hoxd8,ENSMUSG00000027102,3.1.1.7_HOX8,3.1.1_HOX,0.683194337725226,1.00217109904163,0.687565069899883,1.42640874342829,1.07316025812662,1.02006805018082,NA,NA,NA,0.755809225855317,NA,NA,NA
179,MA0114.3,Hnf4a,ENSMUSG00000017950,2.1.3.2_HNF4(NR2A),2.1.3_RXR-related receptors,1.94507378949641,NA,NA,NA,NA,NA,NA,NA,NA,NA,NA,NA,NA
180,MA0784.1,POU1F1,ENSG00000064835,3.1.10.1_POU1,3.1.10_POU,0.787315569204426,0.885357434058878,NA,0.83452090358888,NA,0.927769325284435,NA,NA,NA,NA,NA,NA,NA
181,MA0124.2,Nkx3-1,ENSMUSG00000022061,3.1.2.16_NK3,3.1.2_NK,0.521990644392241,NA,NA,NA,0.830376533732971,NA,NA,NA,NA,0.612007323735385,NA,NA,NA
182,MA0787.1,POU3F2,ENSG00000184486,3.1.10.3_POU3,3.1.10_POU,0.710923460328215,0.871688156824671,NA,0.805308384498247,NA,1.04146661729538,NA,NA,NA,NA,NA,NA,NA
183,MA0791.1,POU4F3,ENSG00000091010,3.1.10.4_POU4,3.1.10_POU,0.717120782769335,1.02702317376655,0.630996978460865,1.38007566175642,0.890967572643027,1.17696196034147,NA,NA,NA,0.664598616834366,NA,NA,NA
184,MA0649.1,HEY2,ENSG00000135547,1.2.4.1_HAIRY,1.2.4_Hairy-related,1.0614676327174,1.68530347434371,1.26273230237946,NA,NA,NA,NA,NA,NA,NA,NA,NA,NA
185,MA0149.1,EWSR1-FLI1,NA,NA_NA,NA_NA,2.76938707185858,NA,3.07194984187901,2.49880585697144,NA,NA,2.56293619439116,NA,NA,NA,NA,NA,NA
186,MA1099.1,Hes1,ENSMUSG00000022528,1.2.4.1_HAIRY,1.2.4_Hairy-related,0.710198684603421,2.03061109341555,0.989493733475972,NA,0.684334091810604,NA,0.915205863820522,0.987585829626304,NA,NA,NA,0.619816332857095,1.22381800943751
187,MA0059.1,MAX::MYC,ENSG00000136997,1.2.6.5_MYC,1.2.6_bHLH-ZIP,1.07965224922037,1.25953155774949,1.26777232484046,1.01441905991296,NA,NA,NA,NA,NA,NA,NA,NA,1.63068080102699
188,MA0130.1,ZNF354C,ENSG00000177932,2.3.3.0_unclassified,2.3.3_More than 3 adjacent zinc fingers,0.274758577945695,NA,0.394900337504947,NA,NA,NA,NA,NA,NA,NA,NA,NA,0.384702853061559
189,MA0492.1,JUND(var.2),ENSG00000130522,1.1.1.1_Jun,1.1.1_Jun-related,0.865698908288409,1.53483530756037,0.919238988036164,1.34457683383256,1.02676106811276,1.19241736189096,NA,NA,1.0981531195008,NA,1.15200309344505,NA,1.38663378427518
190,MA0501.1,MAF::NFE2,ENSG00000123405,1.1.1.2_NFE2,1.1.1_Jun-related,0.964896199044084,2.19247684343216,1.25877436609583,2.44122702325971,1.35535109642481,1.49439529089213,NA,NA,NA,NA,1.21717035367423,NA,1.86641152625345
191,MA0104.4,MYCN,ENSG00000134323,1.2.6.5_MYC,1.2.6_bHLH-ZIP,0.789433014060342,1.21340363810919,1.31293931166011,NA,NA,NA,1.57247155653796,NA,NA,NA,NA,NA,1.8436257021505
192,MA0741.1,KLF16,ENSG00000129911,2.3.1.2_Kr-like,2.3.1_Three-zinc finger Krüppel-related,0.529060936461502,2.49749965947082,0.885336452608177,NA,NA,NA,0.615309801817146,1.26977681283626,NA,NA,NA,NA,0.985451691430845
193,MA0671.1,NFIX,ENSG00000008441,7.1.2.0_NF-1,7.1.2_NF-1,0.207540056260124,NA,0.378568836352776,NA,NA,NA,NA,NA,0.753790216807565,NA,NA,NA,NA
194,MA0747.1,SP8,ENSG00000164651,2.3.1.1_Sp1-like,2.3.1_Three-zinc finger Krüppel-related,0.536915326314047,1.61208384372025,0.769439200818893,NA,NA,NA,0.557641894721644,0.875006534588733,NA,NA,NA,NA,0.855137857084266
195,MA0805.1,TBX1,ENSG00000184058,6.5.3.0_TBX1-related,6.5.3_TBX1-related,0.575810802351626,1.35509495882256,NA,NA,NA,1.8073549220576,NA,NA,NA,NA,NA,NA,NA
196,MA0006.1,Ahr::Arnt,ENSMUSG00000019256,1.2.5.1_PAS-AHR,1.2.5_PAS,0.716809397923077,1.11060872559772,1.01236855743042,NA,0.805780786559494,NA,1.23339142028571,NA,NA,0.71674420054788,NA,NA,1.23812433841323
197,MA1112.1,NR4A1,ENSG00000123358,2.1.4.0_NGFI(NR4A),2.1.4_NGFI(NR4A),0.629141949289706,NA,NA,NA,NA,NA,NA,NA,NA,NA,NA,NA,NA
198,MA0901.1,HOXB13,ENSG00000159184,3.1.1.8_HOX9-13,3.1.1_HOX,0.538923034245507,0.491114200005769,NA,0.671759822450781,NA,NA,NA,NA,NA,NA,NA,NA,NA
199,MA1108.1,MXI1,ENSG00000119950,1.2.6.7_MAD,1.2.6_bHLH-ZIP,0.811796264839379,1.4696342527929,1.1861900558051,NA,NA,NA,NA,NA,NA,NA,NA,NA,1.46063436571895
200,MA0508.2,PRDM1,ENSG00000057657,2.3.3.12_PRDM1-like,2.3.3_More than 3 adjacent zinc fingers,0.507429138771865,NA,NA,NA,NA,NA,NA,NA,NA,NA,NA,NA,NA
201,MA0598.2,EHF,ENSG00000135373,3.5.2.4_EHF-like,3.5.2_Ets-related,0.989969634862735,NA,NA,NA,1.45732922099528,NA,2.11078043071854,NA,1.43558487668293,1.27835907994996,NA,1.62099957611788,1.07164439107702
202,MA0655.1,JDP2,ENSG00000140044,1.1.2.2_ATF3-like,1.1.2_Fos-related,0.886132035441721,3.11619649702645,1.19531646135519,3.3092418818593,2.05320461717174,2.54985290768179,1.65367525080517,1.5731853329448,1.20702600007456,NA,1.80517617252564,1.23556781008418,2.30110294521
203,MA0604.1,Atf1,ENSMUSG00000023027,1.1.7.1_CREB-like,1.1.7_CREB-related,1.03325180579638,1.70468919114245,NA,NA,NA,NA,1.62844113738804,NA,NA,NA,1.20721643601067,1.62803122261304,1.5385520357642
204,MA0616.1,Hes2,ENSMUSG00000028940,1.2.4.1_HAIRY,1.2.4_Hairy-related,0.553713892915698,NA,NA,NA,NA,NA,NA,NA,NA,NA,NA,NA,NA
205,MA0463.1,Bcl6,ENSMUSG00000022508,2.3.3.22_BCL6,2.3.3_More than 3 adjacent zinc fingers,0.51838702594464,NA,NA,NA,NA,NA,NA,NA,NA,NA,NA,NA,NA
206,MA0814.1,TFAP2C(var.2),ENSG00000087510,1.3.1.0_AP2,1.3.1_AP2,0.454838507336819,NA,0.725169166702359,NA,NA,NA,NA,NA,NA,NA,NA,NA,0.607399889840912
207,MA0841.1,NFE2,ENSG00000123405,1.1.1.2_NFE2,1.1.1_Jun-related,1.37915296358031,3.74610624802268,1.95235462776489,4.00460353355261,2.56168167688525,2.75148601190492,1.63568225832902,1.80866705952039,NA,NA,1.78671862936331,NA,2.59863743761823
208,MA0629.1,Rhox11,NA,NA_NA,NA_NA,0.671105007401078,NA,NA,NA,NA,NA,NA,NA,NA,NA,NA,NA,NA
209,MA0494.1,Nr1h3::Rxra,ENSMUSG00000002108,2.1.2.7_LXR(NR1H),2.1.2_Thyroid hormone receptor-related factors,0.77595972578207,NA,NA,NA,NA,NA,NA,NA,NA,NA,NA,NA,NA
210,MA0160.1,NR4A2,ENSG00000153234,2.1.4.0_NGFI(NR4A),2.1.4_NGFI(NR4A),0.31117885379567,NA,0.360117064719108,NA,NA,NA,NA,NA,0.998894909910816,NA,0.926308049435759,NA,1.42779672999419
211,MA0621.1,mix-a,NA,NA_NA,NA_NA,0.679591331309838,0.732407312203902,1.07521738557474,1.48913973265438,1.17814550824728,NA,NA,NA,NA,NA,NA,NA,NA
212,MA0803.1,TBX15,ENSG00000092607,6.5.3.0_TBX1-related,6.5.3_TBX1-related,0.529238560011509,1.35973012759975,NA,NA,NA,1.96499355017209,NA,NA,NA,NA,NA,NA,NA
213,MA0807.1,TBX5,ENSG00000089225,6.5.4.0_TBX2-related,6.5.4_TBX2-related,0.340140898145392,0.377932617480997,NA,NA,NA,1.87586369998789,NA,NA,NA,NA,NA,NA,NA
214,MA0498.2,MEIS1,ENSG00000143995,3.1.4.2_MEIS,3.1.4_TALE-type HD,0.238863933835042,NA,NA,0.37892606230341,NA,NA,NA,NA,NA,0.606434031023981,NA,NA,NA
215,MA0645.1,ETV6,ENSG00000139083,3.5.2.6_ETV6-like,3.5.2_Ets-related,0.636271594546733,NA,0.670239480365393,NA,1.02728732622094,NA,2.11847626198838,1.06933808817578,0.789109213129594,0.895425409115065,0.717182981975669,1.5481625825182,1.06649541178691
216,MA0801.1,MGA,ENSG00000174197,1.2.6.7_MAD,1.2.6_bHLH-ZIP,0.474694721052478,0.644238310036763,NA,NA,NA,1.93198157657135,NA,NA,NA,NA,NA,NA,NA
217,MA0914.1,ISL2,ENSG00000159556,3.1.5.1_ISL,3.1.5_HD-LIM,0.341508463856879,NA,NA,0.484553933359076,0.74672256062016,NA,NA,NA,NA,NA,NA,NA,NA
218,MA0098.3,ETS1,ENSG00000134954,3.5.2.1_ETS-like,3.5.2_Ets-related,0.722244088459441,NA,NA,NA,1.15108738726331,NA,2.67375767548859,1.45474613113592,NA,1.07762089712247,1.08420809202393,1.44076432439721,1.34896734763971
219,MA1143.1,FOSL1::JUND(var.2),ENSG00000175592,1.1.2.1_Fos,1.1.2_Fos-related,NA,1.4830655612981,NA,1.19109629084691,0.759369972313363,1,1.46687643079846,0.93400244122576,1.20228484788787,NA,0.976008168787111,NA,1.1470640436335
220,MA0089.1,MAFG::NFE2L1,NA,NA_NA,NA_NA,NA,0.823480822071521,NA,0.94372736378889,0.469170936412322,1.15344795590021,1.24441872766645,0.809835911561359,NA,NA,1.40419011704185,0.766409372058688,0.836599507139779
221,MA0067.1,Pax2,ENSMUSG00000004231,3.2.2.2_PAX2-like,3.2.2_PD,NA,0.952556195243946,NA,0.726780623938372,0.534603198184657,0.629136713815806,0.981645658917773,1.36528446408174,NA,NA,1.01622035245833,0.833395356849299,0.984025768271071
222,MA1129.1,FOSL1::JUN(var.2),ENSG00000177606,1.1.1.1_Jun,1.1.1_Jun-related,NA,1.57870351024947,NA,1.08172439743445,1.11571182105341,1.43679205191936,NA,1.19687061561034,1.08119608284798,NA,1.27588072736793,NA,1.1047463159317
223,MA1139.1,FOSL2::JUNB(var.2),ENSG00000075426,1.1.2.1_Fos,1.1.2_Fos-related,NA,2.08938405627529,1.00183899966378,1.38500677751074,1.09565223906369,1.50684581080515,1.09325625105463,1.12130629622213,1.38605843230708,NA,1.4798804546636,NA,1.34164632950187
224,MA1145.1,FOSL2::JUND(var.2),ENSG00000075426,1.1.2.1_Fos,1.1.2_Fos-related,NA,1.76743087489326,0.963840336704581,1.32589699709031,1.11147528686244,1.50042899050949,1.39231742277876,NA,1.243318260191,NA,1.56740412933685,NA,1.34663708205942
225,MA1131.1,FOSL2::JUN(var.2),ENSG00000177606,1.1.1.1_Jun,1.1.1_Jun-related,NA,1.67167413391449,0.969799762224301,1.28379296600059,1.19533052510915,1.38859913453265,1.23037415699792,1.36081710828096,1.51846708893425,NA,1.63719245949371,NA,1.28881978307542
226,MA1136.1,FOSB::JUNB(var.2),ENSG00000125740,1.1.2.1_Fos,1.1.2_Fos-related,NA,1.61738397841353,NA,1.09445575618656,1.16838283663391,1.45198863545174,1.0267793311156,1.52767676010394,1.12988028254691,NA,1.04870820520723,NA,1.15714639672101
227,MA1140.1,JUNB(var.2),ENSG00000171223,1.1.1.1_Jun,1.1.1_Jun-related,NA,1.37926126995331,NA,1.02556990659672,0.84602870019117,1.94062145292107,0.902870824156181,1.51457317282976,1.00540335852933,NA,1.33760971711963,0.805170674795728,1.02799968110778
228,MA0685.1,SP4,ENSG00000105866,2.3.1.1_Sp1-like,2.3.1_Three-zinc finger Krüppel-related,NA,3.33333285815961,NA,NA,NA,NA,NA,1.95935801550265,NA,NA,NA,NA,NA
229,MA1127.1,FOSB::JUN,ENSG00000177606,1.1.1.1_Jun,1.1.1_Jun-related,NA,2.13606154957603,NA,1.09348662887811,1.06511586903751,1.36289987594367,1.10676000031883,1.23311882792951,1.51896494194692,NA,1.29616499882228,NA,1.39357613599592
230,MA1133.1,JUN::JUNB(var.2),ENSG00000177606,1.1.1.1_Jun,1.1.1_Jun-related,NA,1.58418287625426,0.871113036051688,0.956278622570682,0.965172411446912,0.906048145925667,1.27052894238072,1.03766105197548,0.953349906701179,NA,1.45108657516335,NA,1.26035281576641
231,MA0632.1,Tcfl5,ENSMUSG00000038932,1.2.5.5_SOHLH,1.2.5_PAS,NA,2.20189739118059,NA,NA,NA,NA,NA,NA,NA,NA,NA,NA,0.828062979186191
232,MA0656.1,JDP2(var.2),ENSG00000140044,1.1.2.2_ATF3-like,1.1.2_Fos-related,NA,3.05514155419246,NA,NA,NA,NA,NA,NA,1.78490007122991,NA,NA,NA,1.95354068890734
233,MA0840.1,Creb5,ENSMUSG00000053007,1.1.1.3_ATF2,1.1.1_Jun-related,NA,2.76671293756026,NA,NA,NA,NA,NA,NA,NA,NA,NA,NA,2.32192809488736
234,MA0506.1,NRF1,ENSG00000106459,0.0.6.0_NRF,0.0.6_NRF,NA,2.00395801356868,NA,NA,NA,NA,NA,NA,NA,NA,NA,NA,NA
235,MA1126.1,FOS::JUN(var.2),ENSG00000170345,1.1.2.1_Fos,1.1.2_Fos-related,NA,1.39031506986761,NA,0.839535327806754,0.810537248881422,0.991066875229992,0.959849815419089,NA,0.991620334384027,NA,0.963347577328527,NA,0.952364262335408
236,MA0472.2,EGR2,ENSG00000122877,2.3.1.3_EGR,2.3.1_Three-zinc finger Krüppel-related,NA,2.20225786422475,NA,NA,1.30875270613963,NA,NA,NA,NA,NA,NA,NA,1.7178567712185
237,MA0740.1,KLF14,ENSMUSG00000073209,2.3.1.2_Kr-like,2.3.1_Three-zinc finger Krüppel-related,NA,2.68449817427207,NA,NA,NA,NA,NA,1.20374666853905,NA,NA,NA,NA,NA
238,MA0470.1,E2F4,ENSG00000205250,3.3.2.1_E2F,3.3.2_E2F,NA,1.89272326368192,1.31427452234393,NA,NA,NA,NA,NA,NA,NA,NA,NA,NA
239,MA0732.1,EGR3,ENSG00000179388,2.3.1.3_EGR,2.3.1_Three-zinc finger Krüppel-related,NA,2.56293619439116,NA,NA,NA,NA,NA,NA,NA,NA,NA,NA,NA
240,MA0605.1,Atf3,ENSMUSG00000026628,1.1.2.2_ATF3-like,1.1.2_Fos-related,NA,1.33336298994965,NA,0.874129300451164,NA,NA,1.25298074116987,NA,NA,NA,0.879458468328783,NA,1.19874333140306
241,MA1122.1,TFDP1,ENSG00000198176,3.3.2.2_DP1,3.3.2_E2F,NA,1.88001221193237,0.986844634917121,NA,NA,NA,1.11123524129443,NA,NA,NA,NA,NA,0.998751453802741
242,MA0733.1,EGR4,ENSG00000135625,2.3.1.3_EGR,2.3.1_Three-zinc finger Krüppel-related,NA,1.44162316127831,0.977099597889921,NA,NA,NA,0.863054686758437,0.735073534824998,NA,NA,NA,NA,1.16992500144231
243,MA0703.1,LMX1B,ENSG00000136944,3.1.5.6_LMX,3.1.5_HD-LIM,NA,0.547180170363051,0.361698623579963,1.08512170674013,0.701516758161916,1.11262885511091,NA,NA,NA,0.430482809848628,NA,NA,NA
244,MA0620.2,MITF,ENSG00000187098,1.2.6.1_TFE3,1.2.6_bHLH-ZIP,NA,1.37066376143104,NA,1.36582452480017,NA,NA,NA,NA,NA,NA,NA,NA,1.03715299841747
245,MA0834.1,ATF7,ENSG00000170653,1.1.1.3_ATF2,1.1.1_Jun-related,NA,2.91530283542472,NA,NA,NA,NA,NA,NA,NA,NA,NA,NA,2.23786383009889
246,MA0879.1,Dlx1,ENSMUSG00000041911,3.1.2.5_DLX,3.1.2_NK,NA,0.513516640346883,0.354640219634888,0.945387815653716,0.669851398307669,0.787919085959707,NA,NA,NA,NA,NA,NA,NA
247,MA0706.1,MEOX2,ENSMUSG00000036144,3.1.1.14_MEOX,3.1.1_HOX,NA,0.542871167232123,0.392161632590078,1.01615727619376,0.764154415725006,1.04725228261817,NA,NA,NA,NA,NA,NA,NA
248,MA0742.1,Klf12,ENSMUSG00000072294,2.3.1.2_Kr-like,2.3.1_Three-zinc finger Krüppel-related,NA,1.49058367694211,1.01143489506228,NA,NA,NA,NA,NA,NA,NA,NA,NA,NA
249,MA0131.2,HINFP,ENSG00000172273,2.3.4.21_HINFP-like,2.3.4_Factors with multiple dispersed zinc fingers,NA,1.58194430915824,NA,NA,NA,NA,NA,NA,NA,NA,NA,NA,NA
250,MA0609.1,Crem,ENSMUSG00000063889,1.1.7.1_CREB-like,1.1.7_CREB-related,NA,1.73382588663564,NA,NA,NA,NA,1.26408402031508,NA,NA,NA,NA,NA,1.47779900577213
251,MA0675.1,NKX6-2,ENSG00000148826,3.1.2.19_NK6,3.1.2_NK,NA,0.466827963728399,0.429228685487317,0.937130208786201,0.759895114350835,0.92275700106754,NA,NA,NA,NA,NA,NA,NA
252,MA0628.1,POU6F1,ENSG00000184271,3.1.10.6_POU6,3.1.10_POU,NA,0.71964611796618,0.629540649041003,1.37391072192742,1.02826385221872,0.792874335316863,NA,NA,NA,NA,NA,NA,NA
253,MA0663.1,MLX,ENSG00000108788,1.2.6.6_MONDOlike,1.2.6_bHLH-ZIP,NA,2.05183893151962,NA,1.47980775466908,NA,NA,NA,NA,NA,NA,NA,NA,NA
254,MA0902.1,HOXB2,ENSG00000173917,3.1.1.2_HOX2,3.1.1_HOX,NA,0.501719510472915,0.477878372849075,0.961599663374047,0.897990536285285,0.895113427832165,NA,NA,NA,NA,NA,NA,NA
255,MA0829.1,Srebf1(var.2),ENSMUSG00000020538,1.2.6.3_SREBF,1.2.6_bHLH-ZIP,NA,1.4350564653444,NA,1.45905791185088,NA,NA,NA,NA,NA,NA,NA,NA,NA
256,MA0722.1,VAX1,ENSG00000148704,3.1.2.22_VAX,3.1.2_NK,NA,0.513016587488081,0.392701169300743,0.972069067252208,0.79861807195609,0.823808854113963,NA,NA,NA,NA,NA,NA,NA
257,MA0893.1,GSX2,ENSG00000180613,3.1.1.12_GSX,3.1.1_HOX,NA,0.457201549674712,0.368578188186184,0.884522782580064,0.783579419025844,0.815082284082215,NA,NA,NA,NA,NA,NA,NA
258,MA0905.1,HOXC10,ENSG00000180818,3.1.1.8_HOX9-13,3.1.1_HOX,NA,0.761756630734206,NA,0.950348551292295,0.694292257570968,NA,NA,NA,NA,NA,NA,NA,NA
259,MA0527.1,ZBTB33,ENSG00000177485,2.3.2.1_BTB-POZ,2.3.2_Other factors with up to three adjacent zinc fingers,NA,1.71655938350437,NA,NA,NA,NA,NA,NA,NA,NA,NA,NA,NA
260,MA0661.1,MEOX1,ENSG00000005102,3.1.1.14_MEOX,3.1.1_HOX,NA,0.599317793698226,0.709658248170471,1.0042425305424,1.00282762663281,NA,NA,NA,NA,NA,NA,NA,NA
261,MA0903.1,HOXB3,ENSG00000120093,3.1.1.3_HOX3,3.1.1_HOX,NA,0.436800957746667,0.532831483873617,0.921615275704978,0.952979826052044,0.605194933081937,NA,NA,NA,NA,NA,NA,NA
262,MA0014.3,PAX5,ENSG00000196092,3.2.2.2_PAX2-like,3.2.2_PD,NA,0.911507223678889,NA,NA,NA,NA,NA,NA,NA,NA,NA,NA,0.766751323954313
263,MA0892.1,GSX1,ENSMUSG00000053129,3.1.1.12_GSX,3.1.1_HOX,NA,0.40043006856608,0.358453970912476,0.851094288315293,0.812101501140207,0.772391965283531,NA,NA,NA,NA,NA,NA,NA
264,MA0793.1,POU6F2,ENSG00000106536,3.1.10.6_POU6,3.1.10_POU,NA,0.645483391572391,0.816494253874329,1.17786914722942,0.994147273754562,NA,NA,NA,NA,NA,NA,NA,NA
265,MA0828.1,SREBF2(var.2),ENSG00000198911,1.2.6.3_SREBF,1.2.6_bHLH-ZIP,NA,1.46165285855398,NA,1.3659832749653,NA,NA,NA,NA,NA,NA,NA,NA,NA
266,MA0636.1,BHLHE41,ENSG00000123095,1.2.4.1_HAIRY,1.2.4_Hairy-related,NA,2.29726604065309,NA,NA,NA,NA,NA,NA,NA,NA,NA,NA,NA
267,MA0674.1,NKX6-1,ENSG00000163623,3.1.2.19_NK6,3.1.2_NK,NA,0.455284936241788,0.579116550443616,1.02535808516981,0.974072499787654,1.00098511102557,NA,NA,NA,NA,NA,NA,NA
268,MA0723.1,VAX2,ENSG00000116035,3.1.2.22_VAX,3.1.2_NK,NA,0.434402824145775,0.461395553268786,0.922623521873115,0.803784776605678,1.0384172266633,NA,NA,NA,NA,NA,NA,NA
269,MA0683.1,POU4F2,ENSG00000151615,3.1.10.4_POU4,3.1.10_POU,NA,1.38956681176273,NA,1.45066140900956,1.26643298229566,NA,NA,NA,NA,NA,NA,NA,NA
270,MA0702.1,LMX1A,ENSG00000162761,3.1.5.6_LMX,3.1.5_HD-LIM,NA,0.419143566407625,0.403929109145765,1.00362638240595,0.692910414088271,0.762944084619519,NA,NA,NA,NA,NA,NA,NA
271,MA0707.1,MNX1,ENSG00000130675,3.1.1.13_MNX,3.1.1_HOX,NA,0.406340755665717,0.458947573995652,1.02345328072009,0.776940744798715,1.20684307402846,NA,NA,NA,NA,NA,NA,NA
272,MA0638.1,CREB3,ENSG00000107175,1.1.7.2_CREB3-like,1.1.7_CREB-related,NA,1.71476984805201,1.50869660649309,NA,NA,NA,1.666262602823,NA,NA,NA,NA,NA,1.89178370321831
273,MA0639.1,DBP,ENSG00000105516,1.1.8.2_PAR,1.1.8_CEBP-related,NA,1.0962153152593,NA,NA,NA,NA,NA,NA,NA,NA,NA,NA,NA
274,MA0612.1,EMX1,ENSG00000135638,3.1.2.6_EMX,3.1.2_NK,NA,0.520318949592891,0.58295317582687,0.966662816125887,0.913163192624049,NA,NA,NA,NA,NA,NA,NA,NA
275,MA0900.1,HOXA2,ENSG00000105996,3.1.1.2_HOX2,3.1.1_HOX,NA,0.438513069207687,0.598341530522356,0.864157610619986,0.963188636324943,NA,NA,NA,NA,NA,NA,NA,NA
276,MA0162.3,EGR1,ENSG00000120738,2.3.1.3_EGR,2.3.1_Three-zinc finger Krüppel-related,NA,2.23786383009889,NA,NA,NA,NA,NA,NA,NA,NA,NA,NA,NA
277,MA0887.1,EVX1,ENSG00000106038,3.1.1.10_EVX,3.1.1_HOX,NA,0.464532490330163,0.511819645248476,0.751924094218407,0.799341481993733,NA,NA,NA,NA,NA,NA,NA,NA
278,MA0135.1,Lhx3,ENSMUSG00000026934,3.1.5.4_LHX3-like,3.1.5_HD-LIM,NA,0.881960660826063,0.77133863798761,1.37356086330268,1.22774565583065,1.05328008259004,NA,NA,NA,NA,NA,NA,NA
279,MA0862.1,GMEB2,ENSG00000101216,5.3.3.1_GMEB,5.3.3_GMEB,NA,1.56646615710377,NA,NA,NA,NA,NA,NA,NA,NA,NA,NA,NA
280,MA0025.1,NFIL3,ENSG00000165030,1.1.8.2_PAR,1.1.8_CEBP-related,NA,0.9762686321143,NA,1.08413098055259,NA,NA,NA,NA,NA,NA,NA,NA,NA
281,MA0880.1,Dlx3,ENSMUSG00000001510,3.1.2.5_DLX,3.1.2_NK,NA,0.379261269953314,0.417326713243515,0.883303775290903,0.67505195858184,1.03138423913962,NA,NA,NA,NA,NA,NA,NA
282,MA0888.1,EVX2,ENSG00000174279,3.1.1.10_EVX,3.1.1_HOX,NA,0.427531933083582,0.498722224900412,0.80318414003702,0.892074598479078,NA,NA,NA,NA,NA,NA,NA,NA
283,MA0835.1,BATF3,ENSG00000123685,1.1.4.0_B-ATF-related,1.1.4_B-ATF-related,NA,2.64385618977472,NA,NA,NA,NA,NA,NA,NA,NA,NA,NA,NA
284,MA0132.2,PDX1,ENSG00000139515,3.1.1.15_PDX,3.1.1_HOX,NA,0.472083778350488,0.656431536146015,0.943810059152344,0.979643640850831,0.660665194814754,NA,NA,NA,NA,NA,NA,NA
285,MA1102.1,CTCFL,ENSG00000124092,2.3.3.50_CTCF-like,2.3.3_More than 3 adjacent zinc fingers,NA,1.01611966536328,0.892654590312926,NA,NA,NA,NA,NA,NA,NA,NA,NA,NA
286,MA0139.1,CTCF,ENSG00000102974,2.3.3.50_CTCF-like,2.3.3_More than 3 adjacent zinc fingers,NA,2.02748073642211,0.840395183821612,NA,NA,NA,NA,NA,NA,NA,NA,NA,NA
287,MA0627.1,Pou2f3,ENSMUSG00000032015,3.1.10.2_POU2,3.1.10_POU,NA,0.743591070981246,NA,NA,NA,NA,NA,NA,NA,NA,NA,NA,NA
288,MA0908.1,HOXD11,ENSG00000128713,3.1.1.8_HOX9-13,3.1.1_HOX,NA,0.67532652837382,NA,NA,NA,NA,NA,NA,NA,NA,NA,NA,NA
289,MA0881.1,Dlx4,ENSMUSG00000020871,3.1.2.5_DLX,3.1.2_NK,NA,0.35977735604017,0.455523945525714,0.877399298899119,0.679440037069971,0.818951066747403,NA,NA,NA,NA,NA,NA,NA
290,MA0715.1,PROP1,ENSG00000175325,3.1.3.20_PROP,3.1.3_Paired-related HD,NA,0.690572688681755,NA,1.13568709915885,NA,0.981992050849237,NA,NA,NA,NA,NA,NA,NA
291,MA1113.1,PBX2,ENSG00000204304,3.1.4.1_IRX,3.1.4_TALE-type HD,NA,0.465638993036242,NA,0.486738964633033,NA,NA,NA,NA,NA,NA,NA,NA,NA
292,MA0043.2,HLF,ENSG00000108924,1.1.8.2_PAR,1.1.8_CEBP-related,NA,0.683815887647441,NA,NA,NA,NA,NA,NA,NA,NA,NA,NA,NA
293,MA0713.1,PHOX2A,ENSG00000165462,3.1.3.18_PHOX,3.1.3_Paired-related HD,NA,0.488006373544135,NA,0.97958261003207,NA,0.835337334583485,NA,NA,NA,NA,NA,NA,NA
294,MA0882.1,DLX6,ENSG00000006377,3.1.2.5_DLX,3.1.2_NK,NA,0.369885106993727,0.522065198422586,0.899424267276376,0.696919941141464,0.834453439068262,NA,NA,NA,NA,NA,NA,NA
295,MA0710.1,NOTO,ENSG00000214513,3.1.2.20_NOTO,3.1.2_NK,NA,0.407613291674933,0.612667609215539,0.853779259148956,0.775422928039209,NA,NA,NA,NA,NA,NA,NA,NA
296,MA0885.1,Dlx2,ENSMUSG00000023391,3.1.2.5_DLX,3.1.2_NK,NA,0.39294755820738,0.632602986365591,0.930027094406453,0.710237495070948,0.788748136268753,NA,NA,NA,NA,NA,NA,NA
297,MA0886.1,EMX2,ENSG00000170370,3.1.2.6_EMX,3.1.2_NK,NA,0.457989644463391,0.774933444365227,1.01884639314392,1.02198900377306,NA,NA,NA,NA,NA,NA,NA,NA
298,MA0486.2,HSF1,ENSG00000185122,3.4.1.0_HSF,3.4.1_HSF,NA,2.32192809488736,NA,NA,NA,2.28239973070073,NA,NA,NA,NA,NA,NA,NA
299,MA0003.3,TFAP2A,ENSG00000137203,1.3.1.0_AP2,1.3.1_AP2,NA,NA,0.739874254508092,NA,NA,NA,NA,NA,NA,NA,NA,NA,0.56953246015155
300,MA0524.2,TFAP2C,ENSG00000087510,1.3.1.0_AP2,1.3.1_AP2,NA,NA,0.680458497949516,NA,NA,NA,NA,NA,NA,NA,NA,NA,0.562280572911622
301,MA0056.1,MZF1,ENSG00000099326,2.3.3.0_unclassified,2.3.3_More than 3 adjacent zinc fingers,NA,NA,0.387535807919507,NA,NA,NA,0.679084678085706,NA,NA,NA,NA,0.555187249771496,0.628905848308753
302,MA0811.1,TFAP2B,ENSG00000008196,1.3.1.0_AP2,1.3.1_AP2,NA,NA,0.6977202167875,NA,NA,NA,NA,NA,NA,NA,NA,NA,0.51976086285275
303,MA0654.1,ISX,ENSG00000175329,3.1.3.12_ISX,3.1.3_Paired-related HD,NA,NA,0.630230243773693,0.812472682092252,0.747692000759264,NA,NA,NA,NA,NA,NA,NA,NA
304,MA0810.1,TFAP2A(var.2),ENSG00000137203,1.3.1.0_AP2,1.3.1_AP2,NA,NA,0.682103659131688,NA,NA,NA,NA,NA,NA,NA,NA,NA,0.571023309763282
305,MA0738.1,HIC2,ENSG00000169635,2.3.4.17_HIC,2.3.4_Factors with multiple dispersed zinc fingers,NA,NA,0.451711671037335,NA,NA,NA,NA,NA,NA,NA,NA,NA,NA
306,MA0890.1,GBX2,ENSG00000168505,3.1.1.11_GBX,3.1.1_HOX,NA,NA,0.607549185788397,0.815177498908074,0.856476412479873,NA,NA,NA,NA,NA,NA,NA,NA
307,MA0709.1,Msx3,ENSMUSG00000025469,3.1.2.11_MSX,3.1.2_NK,NA,NA,0.561565462657743,0.776123970137319,0.699996334935977,NA,NA,NA,NA,NA,NA,NA,NA
308,MA0894.1,HESX1,ENSG00000163666,3.1.3.10_HESX,3.1.3_Paired-related HD,NA,NA,0.603317384659838,0.804416043386221,0.743297842989923,NA,NA,NA,NA,NA,NA,NA,NA
309,MA0904.1,Hoxb5,ENSMUSG00000038700,3.1.1.5_HOX5,3.1.1_HOX,NA,NA,0.829356345969533,1.20839914925695,1.12928301694497,NA,NA,NA,NA,NA,NA,NA,NA
310,MA0739.1,Hic1,ENSMUSG00000043099,2.3.4.17_HIC,2.3.4_Factors with multiple dispersed zinc fingers,NA,NA,0.494203145783811,NA,NA,NA,NA,NA,NA,NA,NA,NA,NA
311,MA0720.1,Shox2,ENSMUSG00000027833,3.1.3.25_SHOX,3.1.3_Paired-related HD,NA,NA,0.524770787847201,0.82253006893242,0.710631446352743,NA,NA,NA,NA,NA,NA,NA,NA
312,MA0718.1,RAX,ENSG00000134438,3.1.3.22_RAX,3.1.3_Paired-related HD,NA,NA,0.526186587498576,0.819178174729343,0.698005433694455,NA,NA,NA,NA,NA,NA,NA,NA
313,MA0751.1,ZIC4,ENSG00000174963,2.3.3.1_GLI-lile,2.3.3_More than 3 adjacent zinc fingers,NA,NA,0.818817348154494,NA,NA,NA,NA,NA,NA,NA,NA,NA,NA
314,MA0912.1,Hoxd3,ENSMUSG00000079277,3.1.1.3_HOX3,3.1.1_HOX,NA,NA,0.635475048987068,0.898973002011237,0.892435242288379,NA,NA,NA,NA,NA,NA,NA,NA
315,MA0125.1,Nobox,ENSMUSG00000029736,3.1.3.15_NOBOX,3.1.3_Paired-related HD,NA,NA,0.55024112154279,0.890616540492738,0.825988995025898,NA,NA,NA,NA,NA,NA,NA,NA
316,MA0258.2,ESR2,ENSG00000140009,2.1.1.2_ER-like(NR3A),2.1.1_Steroid hormone receptors,NA,NA,0.681359832723669,NA,NA,NA,NA,NA,NA,NA,NA,NA,0.605721060887954
317,MA0700.1,LHX2,ENSG00000106689,3.1.5.3_LHX2-like,3.1.5_HD-LIM,NA,NA,0.56440117823884,0.770891917140419,0.832543254148437,NA,NA,NA,NA,NA,NA,NA,NA
318,MA0889.1,GBX1,ENSG00000164900,3.1.1.11_GBX,3.1.1_HOX,NA,NA,0.619042439385788,0.803602787196496,0.85836070168086,NA,NA,NA,NA,NA,NA,NA,NA
319,MA0161.2,NFIC,ENSG00000141905,7.1.2.0_NF-1,7.1.2_NF-1,NA,NA,0.789769110751644,NA,NA,NA,NA,NA,NA,NA,NA,NA,NA
320,MA0708.1,MSX2,ENSG00000120149,3.1.2.11_MSX,3.1.2_NK,NA,NA,0.49135363465223,0.713446865838989,0.652253363931901,NA,NA,NA,NA,NA,NA,NA,NA
321,MA0875.1,BARX1,ENSG00000131668,3.1.2.2_BARX,3.1.2_NK,NA,NA,0.428777555905146,0.63500802570615,0.790304039386604,0.875201636358326,NA,NA,NA,NA,NA,NA,NA
322,MA1153.1,Smad4,ENSMUSG00000024515,7.1.1.2_Co-SMAD,7.1.1_SMAD,NA,NA,0.539065486919482,NA,NA,NA,NA,NA,NA,NA,NA,NA,NA
323,MA0630.1,SHOX,ENSG00000185960,3.1.3.25_SHOX,3.1.3_Paired-related HD,NA,NA,0.380609906925784,0.815068673944237,0.68697745833453,0.736965594166207,NA,NA,NA,NA,NA,NA,NA
324,MA0876.1,BSX,ENSG00000188909,3.1.2.3_BSX,3.1.2_NK,NA,NA,0.423332278010565,0.689999616829874,0.82155323826058,1.07123202361681,NA,NA,NA,NA,NA,NA,NA
325,MA0872.1,TFAP2A(var.3),ENSG00000137203,1.3.1.0_AP2,1.3.1_AP2,NA,NA,0.723991630464444,NA,NA,NA,NA,NA,NA,NA,NA,NA,NA
326,MA0716.1,PRRX1,ENSG00000116132,3.1.3.21_PRRX,3.1.3_Paired-related HD,NA,NA,0.40353278400453,0.858216748872829,0.685496579184505,0.702456063739597,NA,NA,NA,NA,NA,NA,NA
327,MA0812.1,TFAP2B(var.2),ENSG00000008196,1.3.1.0_AP2,1.3.1_AP2,NA,NA,0.647005034329722,NA,NA,NA,NA,NA,NA,NA,NA,NA,NA
328,MA0155.1,INSM1,ENSG00000173404,2.3.4.16_Insulinoma-associated proteins,2.3.4_Factors with multiple dispersed zinc fingers,NA,NA,0.660467456692163,NA,NA,NA,NA,NA,NA,NA,NA,NA,NA
329,MA0027.2,EN1,ENSG00000163064,3.1.2.7_EN,3.1.2_NK,NA,NA,0.425621688563458,0.746281922930152,0.785102115210476,NA,NA,NA,NA,NA,NA,NA,NA
330,MA0596.1,SREBF2,ENSG00000198911,1.2.6.3_SREBF,1.2.6_bHLH-ZIP,NA,NA,0.635394611026529,0.561878887608115,NA,NA,NA,NA,NA,NA,NA,NA,NA
331,MA0666.1,MSX1,ENSG00000163132,3.1.2.11_MSX,3.1.2_NK,NA,NA,0.408035006088947,0.665072675684421,0.653589219913294,NA,NA,NA,NA,NA,NA,NA,NA
332,MA0670.1,NFIA,ENSG00000162599,7.1.2.0_NF-1,7.1.2_NF-1,NA,NA,0.394573396719128,0.357198907726852,NA,NA,NA,NA,NA,NA,NA,NA,NA
333,MA0701.1,LHX9,ENSG00000143355,3.1.5.3_LHX2-like,3.1.5_HD-LIM,NA,NA,0.33460529970429,0.696948248617918,0.621821678131809,0.622779379106146,NA,NA,NA,NA,NA,NA,NA
334,MA0704.1,Lhx4,ENSMUSG00000026468,3.1.5.4_LHX3-like,3.1.5_HD-LIM,NA,NA,0.380079847673158,0.874338088894581,0.734743498939249,0.700052988466912,NA,NA,NA,NA,NA,NA,NA
335,MA0658.1,LHX6,ENSG00000106852,3.1.5.5_LHX6-like,3.1.5_HD-LIM,NA,NA,0.563816691849607,0.913796371343965,0.815996032852141,NA,NA,NA,NA,NA,NA,NA,NA
336,MA0644.1,ESX1,ENSG00000123576,3.1.3.8_ESX,3.1.3_Paired-related HD,NA,NA,0.352337814463077,0.723212439098876,0.631236817159395,NA,NA,NA,NA,NA,NA,NA,NA
337,MA0813.1,TFAP2B(var.3),ENSG00000008196,1.3.1.0_AP2,1.3.1_AP2,NA,NA,0.667475939416072,NA,NA,NA,NA,NA,NA,NA,NA,NA,NA
338,MA0854.1,Alx1,ENSMUSG00000036602,3.1.3.1_ALX,3.1.3_Paired-related HD,NA,NA,0.735249121577185,1.10108612511431,0.97470597983609,NA,NA,NA,NA,NA,NA,NA,NA
339,MA0111.1,Spz1,NA,NA_NA,NA_NA,NA,NA,0.510473439917721,NA,NA,NA,NA,NA,NA,NA,NA,NA,NA
340,MA0815.1,TFAP2C(var.3),ENSG00000087510,1.3.1.0_AP2,1.3.1_AP2,NA,NA,0.687847827601515,NA,NA,NA,NA,NA,NA,NA,NA,NA,NA
341,MA0503.1,Nkx2-5(var.2),ENSMUSG00000015579,3.1.2.17_NK4,3.1.2_NK,NA,NA,0.406193041317833,NA,NA,NA,NA,NA,NA,NA,NA,NA,NA
342,MA0696.1,ZIC1,ENSG00000152977,2.3.3.1_GLI-lile,2.3.3_More than 3 adjacent zinc fingers,NA,NA,1.06681335234981,NA,NA,NA,NA,NA,NA,NA,NA,NA,NA
343,MA0726.1,VSX2,ENSG00000119614,3.1.3.28_VSX,3.1.3_Paired-related HD,NA,NA,0.458846860793357,0.835789528659326,0.741611959022571,NA,NA,NA,NA,NA,NA,NA,NA
344,MA0721.1,UNCX,ENSG00000164853,3.1.3.27_UNCX,3.1.3_Paired-related HD,NA,NA,NA,0.823380345983679,0.631542928335873,0.73848822759608,NA,NA,NA,NA,NA,NA,NA
345,MA0084.1,SRY,ENSG00000184895,4.1.1.1_Group A,4.1.1_SOX-related,NA,NA,NA,0.650801994803259,NA,NA,0.775735164330782,NA,NA,NA,NA,NA,NA
346,MA0075.2,Prrx2,ENSMUSG00000039476,3.1.3.21_PRRX,3.1.3_Paired-related HD,NA,NA,NA,0.791770030693647,0.593052845424397,0.661778097771987,NA,NA,NA,NA,NA,NA,NA
347,MA0725.1,VSX1,ENSG00000100987,3.1.3.28_VSX,3.1.3_Paired-related HD,NA,NA,NA,0.832373382094444,0.642532561052679,NA,NA,NA,NA,NA,NA,NA,NA
348,MA0662.1,MIXL1,ENSG00000185155,3.1.3.14_MIX,3.1.3_Paired-related HD,NA,NA,NA,0.755252602770476,0.595586980681473,NA,NA,NA,NA,NA,NA,NA,NA
349,MA0717.1,RAX2,ENSG00000173976,3.1.3.22_RAX,3.1.3_Paired-related HD,NA,NA,NA,0.74334921095706,0.607745896365444,0.624012778161817,NA,NA,NA,NA,NA,NA,NA
350,MA0634.1,ALX3,ENSG00000156150,3.1.3.1_ALX,3.1.3_Paired-related HD,NA,NA,NA,0.768126525652667,0.543615329224406,NA,NA,NA,NA,NA,NA,NA,NA
351,MA0151.1,Arid3a,ENSMUSG00000019564,3.7.1.3_ARID3,3.7.1_ARID-related,NA,NA,NA,0.556127062177755,0.383757074965478,0.800032389303412,NA,NA,NA,NA,NA,NA,NA
352,MA0681.1,Phox2b,ENSG00000109132,3.1.3.18_PHOX,3.1.3_Paired-related HD,NA,NA,NA,1.0094914489773,NA,0.83466226805334,NA,NA,NA,NA,NA,NA,NA
353,MA0618.1,LBX1,ENSG00000138136,3.1.2.10_LBX,3.1.2_NK,NA,NA,NA,0.717100288340922,0.635340571892565,NA,NA,NA,NA,NA,NA,NA,NA
354,MA0158.1,HOXA5,ENSG00000106004,3.1.1.5_HOX5,3.1.1_HOX,NA,NA,NA,0.559703548923195,0.490133349981216,0.796407285792293,NA,NA,NA,NA,NA,NA,NA
355,MA0068.2,PAX4,ENSG00000106331,3.2.1.2_PAX4-like,3.2.1_PD+HD,NA,NA,NA,0.798228889623103,0.60131049480864,NA,NA,NA,NA,NA,NA,NA,NA
356,MA0833.1,ATF4,ENSG00000128272,1.1.6.0_ATF4-related,1.1.6_ATF4-related,NA,NA,NA,1.29148322450545,NA,NA,NA,NA,NA,NA,NA,NA,NA
357,MA0485.1,Hoxc9,ENSMUSG00000036139,3.1.1.8_HOX9-13,3.1.1_HOX,NA,NA,NA,0.936434871222534,0.805547662392219,NA,NA,NA,NA,NA,NA,NA,NA
358,MA0087.1,Sox5,ENSMUSG00000041540,4.1.1.4_Group D,4.1.1_SOX-related,NA,NA,NA,0.53220306685155,NA,NA,0.919667868861024,NA,NA,NA,NA,NA,NA
359,MA1152.1,SOX15,ENSG00000129194,4.1.1.7_Group G,4.1.1_SOX-related,NA,NA,NA,0.422160942792738,NA,NA,1.71631844332344,0.570607207744086,1.09515723304034,NA,1.08370288332099,NA,NA
360,MA0877.1,Barhl1,ENSG00000125492,3.1.2.1_BARHL,3.1.2_NK,NA,NA,NA,0.560630341410856,0.780826901522855,0.649935358106937,NA,NA,NA,NA,NA,NA,NA
361,MA0699.1,LBX2,ENSG00000179528,3.1.2.10_LBX,3.1.2_NK,NA,NA,NA,0.570451712601222,0.674673165253595,NA,NA,NA,NA,NA,NA,NA,NA
362,MA0676.1,Nr2e1,ENSG00000112333,2.1.3.3_TLX(NR2E1),2.1.3_RXR-related receptors,NA,NA,NA,0.506022617971902,NA,NA,NA,NA,NA,NA,NA,NA,NA
363,MA0775.1,MEIS3,ENSG00000105419,3.1.4.2_MEIS,3.1.4_TALE-type HD,NA,NA,NA,0.373794038699721,NA,NA,NA,NA,NA,0.517757228505094,NA,NA,NA
364,MA0853.1,Alx4,ENSMUSG00000040310,3.1.3.1_ALX,3.1.3_Paired-related HD,NA,NA,NA,1.04686660503797,0.851749041416058,NA,NA,NA,NA,NA,NA,NA,NA
365,MA0594.1,Hoxa9,ENSMUSG00000038227,3.1.1.8_HOX9-13,3.1.1_HOX,NA,NA,NA,0.772554350937267,0.855786254660513,NA,NA,NA,NA,NA,NA,NA,NA
366,MA0635.1,BARHL2,ENSG00000143032,3.1.2.1_BARHL,3.1.2_NK,NA,NA,NA,0.742318828660413,0.82117368619014,0.658718950674226,NA,NA,NA,NA,NA,NA,NA
367,MA0884.1,DUXA,ENSG00000258873,3.1.3.7_DUX,3.1.3_Paired-related HD,NA,NA,NA,0.669187479731346,NA,NA,NA,NA,NA,NA,NA,NA,NA
368,MA0468.1,DUX4,ENSG00000258389,3.1.3.7_DUX,3.1.3_Paired-related HD,NA,NA,NA,0.733686740389197,NA,NA,NA,NA,NA,NA,NA,NA,NA
369,MA0874.1,Arx,ENSMUSG00000035277,3.1.3.3_ARX,3.1.3_Paired-related HD,NA,NA,NA,0.849321087502332,NA,NA,NA,NA,NA,NA,NA,NA,NA
370,MA0063.1,Nkx2-5,ENSMUSG00000015579,3.1.2.17_NK4,3.1.2_NK,NA,NA,NA,0.376488207717433,NA,NA,NA,NA,NA,NA,NA,NA,NA
371,MA0515.1,Sox6,ENSMUSG00000051910,4.1.1.4_Group D,4.1.1_SOX-related,NA,NA,NA,0.480109763261537,NA,NA,0.982890754698644,NA,NA,NA,1.18601198560995,NA,NA
372,MA0479.1,FOXH1,ENSG00000160973,3.3.1.8_FOXH,3.3.1_FOX,NA,NA,NA,0.592512774331037,NA,NA,NA,NA,NA,NA,NA,NA,NA
373,MA0724.1,VENTX,ENSG00000151650,3.1.2.23_VENTX,3.1.2_NK,NA,NA,NA,NA,0.808955841446097,NA,NA,NA,NA,NA,NA,NA,NA
374,MA0474.2,ERG,ENSG00000157554,3.5.2.1_ETS-like,3.5.2_Ets-related,NA,NA,NA,NA,1.03837667171306,NA,2.62794812843079,1.45159323209437,NA,0.947803788874572,1.14078830594912,1.38517469871688,1.26602510089604
375,MA0062.2,Gabpa,ENSMUSG00000008976,3.5.2.1_ETS-like,3.5.2_Ets-related,NA,NA,NA,NA,1.10619940383193,NA,2.41744399698594,1.28665262013983,NA,0.926908489185476,0.853321914069555,1.4713410708667,1.33698244060965
376,MA0640.1,ELF3,ENSG00000163435,3.5.2.4_EHF-like,3.5.2_Ets-related,NA,NA,NA,NA,1.67587099691937,NA,2.12728066403382,NA,1.46133115155278,1.39733549754538,NA,1.69453032784581,NA
377,MA0642.1,EN2,ENSG00000164778,3.1.2.7_EN,3.1.2_NK,NA,NA,NA,NA,0.534179749214795,NA,NA,NA,NA,NA,NA,NA,NA
378,MA0760.1,ERF,ENSG00000105722,3.5.2.1_ETS-like,3.5.2_Ets-related,NA,NA,NA,NA,1.09365910721425,NA,2.61264411364608,1.45306000999758,NA,1.02051259732571,0.993047239358233,1.40548217190791,1.33816873589457
379,MA0762.1,ETV2,ENSG00000105672,3.5.2.1_ETS-like,3.5.2_Ets-related,NA,NA,NA,NA,1.22186113978344,NA,2.65322671261579,1.60182223397437,NA,1.00723156923108,1.48681247962914,1.69057268868175,1.39993060688864
380,MA0764.1,ETV4,ENSG00000175832,3.5.2.2_ELK-like,3.5.2_Ets-related,NA,NA,NA,NA,0.812067049406925,NA,2.60858459130674,1.34088625259125,NA,0.916979413232102,0.891047090884714,1.27142861287972,1.18243875521358
381,MA0641.1,ELF4,ENSG00000102034,3.5.2.3_ELF1-like,3.5.2_Ets-related,NA,NA,NA,NA,1.29266350038217,NA,2.12928301694497,NA,1.16310080232838,1.1656521549569,NA,1.41922529624228,NA
382,MA0896.1,Hmx1,ENSMUSG00000067438,3.1.2.18_NK5-HMX,3.1.2_NK,NA,NA,NA,NA,0.799302649762871,NA,NA,NA,NA,NA,NA,NA,NA
383,MA0898.1,Hmx3,ENSMUSG00000040148,3.1.2.18_NK5-HMX,3.1.2_NK,NA,NA,NA,NA,0.684498174272071,NA,NA,NA,NA,NA,NA,NA,NA
384,MA0473.2,ELF1,ENSG00000120690,3.5.2.3_ELF1-like,3.5.2_Ets-related,NA,NA,NA,NA,1.3288144804726,NA,2.23827016584045,NA,1.35669351304804,NA,NA,1.37900919009463,NA
385,MA0156.2,FEV,ENSG00000163497,3.5.2.1_ETS-like,3.5.2_Ets-related,NA,NA,NA,NA,0.82695749504625,NA,2.6607835177893,1.4156135404288,NA,0.916491365890795,1.00571365119439,1.38605843230708,1.24392558288609
386,MA0682.1,Pitx1,ENSMUSG00000021506,3.1.3.19_PITX,3.1.3_Paired-related HD,NA,NA,NA,NA,NA,1.26583353281644,NA,NA,NA,NA,NA,NA,NA
387,MA0711.1,OTX1,ENSG00000115507,3.1.3.17_OTX,3.1.3_Paired-related HD,NA,NA,NA,NA,NA,1.39927018342053,NA,NA,NA,NA,NA,NA,NA
388,MA0728.1,Nr2f6(var.2),ENSMUSG00000002393,2.1.3.5_COUP(NR2F),2.1.3_RXR-related receptors,NA,NA,NA,NA,NA,2.84917509775223,NA,2.73696559416621,2.36499681677925,NA,NA,NA,2.28010791919274
389,MA0859.1,Rarg,ENSMUSG00000001288,2.1.2.1_RAR(NR1B),2.1.2_Thyroid hormone receptor-related factors,NA,NA,NA,NA,NA,2.34940883130947,NA,2.75802720969404,NA,NA,NA,NA,NA
390,MA0719.1,RHOXF1,ENSG00000101883,3.1.3.23_RHOX,3.1.3_Paired-related HD,NA,NA,NA,NA,NA,1.1609918766723,NA,1.70043971814109,NA,NA,NA,NA,NA
391,MA0771.1,HSF4,ENSG00000102878,3.4.1.0_HSF,3.4.1_HSF,NA,NA,NA,NA,NA,2.17897014104532,NA,NA,NA,NA,NA,NA,NA
392,MA0806.1,TBX4,ENSG00000121075,6.5.4.0_TBX2-related,6.5.4_TBX2-related,NA,NA,NA,NA,NA,2.02748073642211,NA,NA,NA,NA,NA,NA,NA
393,MA0857.1,Rarb,ENSMUSG00000017491,2.1.2.1_RAR(NR1B),2.1.2_Thyroid hormone receptor-related factors,NA,NA,NA,NA,NA,2.3743955147815,NA,NA,NA,NA,NA,NA,NA
394,MA0761.1,ETV1,ENSG00000006468,3.5.2.2_ELK-like,3.5.2_Ets-related,NA,NA,NA,NA,NA,NA,2.58229683669599,1.25088875795551,NA,0.803238813585372,0.901084973927313,1.2608986614898,1.19235276813674
395,MA0765.1,ETV5,ENSG00000244405,3.5.2.2_ELK-like,3.5.2_Ets-related,NA,NA,NA,NA,NA,NA,2.39963045188061,1.11357661202861,NA,NA,NA,1.11560148591055,1.16646114613874
396,MA0475.2,FLI1,ENSG00000151702,3.5.2.1_ETS-like,3.5.2_Ets-related,NA,NA,NA,NA,NA,NA,2.69360922497182,1.48089004657347,NA,NA,1.16054666912645,1.47515071084027,1.3642198166038
397,MA0759.1,ELK3,ENSG00000111145,3.5.2.2_ELK-like,3.5.2_Ets-related,NA,NA,NA,NA,NA,NA,2.49805291266461,1.22810607253084,NA,NA,NA,1.25229390705031,1.1926450779424
398,MA0763.1,ETV3,ENSG00000117036,3.5.2.1_ETS-like,3.5.2_Ets-related,NA,NA,NA,NA,NA,NA,1.70485978986603,0.740849028653434,NA,NA,NA,1.10875420358029,0.815485962176805
399,MA0028.2,ELK1,ENSG00000126767,3.5.2.2_ELK-like,3.5.2_Ets-related,NA,NA,NA,NA,NA,NA,2.08984661738248,NA,NA,NA,NA,1.17990909001493,1.28798076296402
400,MA1120.1,SOX13,ENSG00000143842,4.1.1.4_Group D,4.1.1_SOX-related,NA,NA,NA,NA,NA,NA,1.1057800766844,NA,NA,NA,1.44830538065692,NA,NA
401,MA0686.1,SPDEF,ENSG00000124664,3.5.2.7_SPDEF-like,3.5.2_Ets-related,NA,NA,NA,NA,NA,NA,1.91488338636205,NA,NA,NA,NA,NA,NA
402,MA0077.1,SOX9,ENSG00000125398,4.1.1.5_Group E,4.1.1_SOX-related,NA,NA,NA,NA,NA,NA,2.36374827058199,NA,NA,NA,NA,NA,NA
403,MA0143.3,Sox2,ENSMUSG00000074637,4.1.1.2_Group B,4.1.1_SOX-related,NA,NA,NA,NA,NA,NA,1.46579079974348,NA,NA,NA,1.36725208539685,NA,NA
404,MA0078.1,Sox17,ENSMUSG00000025902,4.1.1.6_Group F,4.1.1_SOX-related,NA,NA,NA,NA,NA,NA,0.955295227571573,NA,NA,NA,0.976857920187557,NA,NA
405,MA0101.1,REL,ENSG00000162924,6.1.1.2_NFkappaB p65-like,6.1.1_NFkappaB-related,NA,NA,NA,NA,NA,NA,0.688944079303263,NA,1.50026533614587,NA,NA,NA,0.507509325248515
406,MA0080.4,SPI1,ENSG00000066336,3.5.2.5_SPI-like,3.5.2_Ets-related,NA,NA,NA,NA,NA,NA,1.58101531620449,NA,NA,NA,NA,3.28028039752887,NA
407,MA0060.3,NFYA,ENSG00000001167,4.2.1.0_Heteromeric CCAAT-binding,4.2.1_Heteromeric CCAAT-binding,NA,NA,NA,NA,NA,NA,NA,3,NA,NA,NA,NA,NA
408,MA0809.1,TEAD4,ENSG00000197905,3.6.1.0_TEF1-related,3.6.1_TEF1-related,NA,NA,NA,NA,NA,NA,NA,NA,1.29593288635442,NA,0.927068477546149,NA,0.860650417084692
409,MA1121.1,TEAD2,ENSG00000074219,3.6.1.0_TEF1-related,3.6.1_TEF1-related,NA,NA,NA,NA,NA,NA,NA,NA,1.20152224498137,NA,NA,NA,0.688406860057415
410,MA0090.2,TEAD1,ENSG00000187079,3.6.1.0_TEF1-related,3.6.1_TEF1-related,NA,NA,NA,NA,NA,NA,NA,NA,1.49209485503001,NA,0.82967596798098,NA,0.824913293441909
411,MA0808.1,TEAD3,ENSG00000007866,3.6.1.0_TEF1-related,3.6.1_TEF1-related,NA,NA,NA,NA,NA,NA,NA,NA,1.80996141787209,NA,NA,NA,0.914640095213453
412,MA0107.1,RELA,ENSG00000173039,6.1.1.2_NFkappaB p65-like,6.1.1_NFkappaB-related,NA,NA,NA,NA,NA,NA,NA,NA,1.65163354036644,NA,NA,NA,NA
413,MA0772.1,IRF7,ENSG00000185507,3.5.3.0_IRF,3.5.3_IRF,NA,NA,NA,NA,NA,NA,NA,NA,NA,1.09365910721424,NA,NA,NA
414,MA0511.2,RUNX2,ENSG00000124813,6.4.1.0_Runt-related,6.4.1_Runt-related,NA,NA,NA,NA,NA,NA,NA,NA,NA,NA,1.43653121652722,0.976926365100674,0.898328582105094
415,MA0684.1,RUNX3,ENSG00000020633,6.4.1.0_Runt-related,6.4.1_Runt-related,NA,NA,NA,NA,NA,NA,NA,NA,NA,NA,0.984624774113084,0.984760121939707,1.20431829017461
416,MA0154.3,EBF1,ENSG00000164330,6.1.5.0_EBF-related,6.1.5_EBF-related,NA,NA,NA,NA,NA,NA,NA,NA,NA,NA,NA,NA,1.47609902501512
417,MA0017.2,NR2F1,NA,NA_NA,NA_NA,NA,NA,NA,NA,NA,NA,NA,NA,NA,NA,NA,NA,0.899014169997888
418,MA0844.1,XBP1,ENSG00000100219,1.1.5.0_XBP1-related,1.1.5_XBP1-related,NA,NA,NA,NA,NA,NA,NA,NA,NA,NA,NA,NA,2.24392558288609
419,MA1111.1,NR2F2,NA,NA_NA,NA_NA,NA,NA,NA,NA,NA,NA,NA,NA,NA,NA,NA,NA,0.94024919255495
